SamplingTime, AccelerationX, AccelerationY, AccelerationZ, GyroX, GyroY, GyroZ
1763763109.118677, -0.048333, 0.015263, -9.814730, -0.005532, 0.003055, -0.002932
1763763109.128668, -0.032471, 0.007332, -9.769989, -0.003181, 0.003880, -0.002785
1763763109.138288, -0.054318, 0.011522, -9.765350, -0.005422, 0.004129, -0.002898
1763763109.148689, -0.040701, 0.026785, -9.771485, -0.002855, 0.003937, -0.002026
1763763109.158684, -0.038756, 0.019303, -9.810092, -0.005707, 0.004059, -0.004045
1763763109.168685, -0.051924, 0.026486, -9.789741, -0.003789, 0.003282, -0.000375
1763763109.178691, -0.061052, 0.028880, -9.737966, -0.004014, 0.002746, -0.002888
1763763109.188684, -0.049530, 0.017208, -9.795128, -0.004940, 0.003547, -0.002684
1763763109.198684, -0.055516, 0.023643, -9.782259, -0.003585, 0.003347, -0.001174
1763763109.208690, -0.058209, 0.027234, -9.763405, -0.002972, 0.002011, -0.000587
1763763109.218681, -0.042198, 0.027533, -9.765500, 0.000011, 0.003123, -0.001943
1763763109.228688, -0.023493, 0.031723, -9.800515, -0.003603, 0.002005, -0.002449
1763763109.238684, -0.049380, 0.020650, -9.769989, -0.002162, 0.002524, -0.003100
1763763109.247906, -0.046238, 0.025289, -9.753978, -0.001639, 0.002762, -0.000900
1763763109.258689, -0.029479, 0.031723, -9.800066, -0.003094, 0.002960, -0.000837
1763763109.268686, -0.064643, 0.018705, -9.767595, -0.003753, 0.001389, -0.004622
1763763109.278677, -0.033519, 0.023643, -9.786898, -0.001531, 0.002495, -0.002900
1763763109.288073, -0.033519, 0.023643, -9.786898, -0.001833, 0.003341, -0.000218
1763763109.298683, -0.051176, 0.022745, -9.753379, -0.002864, 0.002284, -0.002889
1763763109.308675, -0.044442, 0.025738, -9.769989, -0.002720, 0.004318, -0.001724
1763763109.318681, -0.055964, 0.007632, -9.798121, -0.004720, 0.002715, -0.002274
1763763109.328684, -0.050129, 0.027384, -9.770438, -0.003392, 0.004491, -0.002578
1763763109.338677, -0.050278, 0.026635, -9.788993, -0.003376, 0.003032, -0.001354
1763763109.348676, -0.045789, 0.021697, -9.776124, -0.001547, 0.003888, -0.002055
1763763109.358692, -0.057162, 0.013617, -9.792135, -0.002560, 0.002984, -0.002973
1763763109.368685, -0.054917, 0.026037, -9.744401, -0.004958, 0.002659, -0.002279
1763763109.378678, -0.027234, 0.021099, -9.797223, -0.001615, 0.003498, -0.001739
1763763109.388680, -0.038008, 0.016759, -9.803657, -0.001931, 0.002960, -0.002106
1763763109.398676, -0.054019, 0.026486, -9.766697, -0.003063, 0.003741, -0.002913
1763763109.408685, -0.041300, 0.026037, -9.779566, -0.003280, 0.001643, -0.002285
1763763109.418678, -0.041300, 0.021847, -9.772084, -0.001645, 0.002672, -0.002285
1763763109.428679, -0.059556, 0.024690, -9.797971, -0.003133, 0.001723, -0.003234
1763763109.438643, -0.035464, 0.028282, -9.742156, -0.003408, 0.002384, -0.001268
1763763109.448685, -0.045340, 0.032920, -9.787796, -0.001591, 0.002876, -0.001693
1763763109.458100, -0.039055, 0.014365, -9.779566, -0.002905, 0.003191, -0.002224
1763763109.468686, -0.066738, 0.028581, -9.761310, -0.002215, 0.003332, -0.001954
1763763109.478685, -0.024241, 0.026037, -9.767894, -0.002818, 0.005517, -0.002278
1763763109.488677, -0.044592, 0.027982, -9.787496, -0.000550, 0.003874, -0.002053
1763763109.498666, -0.047734, 0.031125, -9.779566, -0.005942, 0.005001, -0.002027
1763763109.508677, -0.046238, 0.027833, -9.737966, -0.001917, 0.003125, -0.002850
1763763109.518682, -0.056413, 0.023942, -9.812187, -0.002356, 0.003699, -0.002483
1763763109.528684, -0.042946, 0.026486, -9.766846, -0.005388, 0.002852, -0.002965
1763763109.538682, -0.058957, 0.027384, -9.786449, -0.003055, 0.003317, -0.000913
1763763109.548679, -0.045340, 0.020201, -9.780763, -0.004568, 0.004307, -0.003002
1763763109.558694, -0.035464, 0.033818, -9.782708, -0.000659, 0.002536, -0.001627
1763763109.568671, -0.049680, 0.031125, -9.784354, -0.004241, 0.002610, -0.001336
1763763109.578183, -0.033220, 0.026187, -9.725846, -0.002131, 0.002886, -0.002553
1763763109.587956, -0.041001, 0.024241, -9.809942, -0.001286, 0.002432, -0.001859
1763763109.598683, -0.051026, 0.020201, -9.790489, -0.003167, 0.003196, -0.002344
1763763109.608677, -0.057610, 0.024241, -9.774628, -0.003136, 0.001871, -0.002075
1763763109.617791, -0.040402, 0.027833, -9.764303, -0.002426, 0.002023, -0.001878
1763763109.627796, -0.049979, 0.015113, -9.806201, -0.002777, 0.002963, -0.001803
1763763109.638083, -0.039205, 0.027683, -9.790788, -0.004503, 0.002999, -0.002062
1763763109.648670, -0.038307, 0.030825, -9.752032, -0.002112, 0.003953, -0.003101
1763763109.658666, -0.042048, 0.030526, -9.795128, -0.002565, 0.002571, -0.001132
1763763109.668669, -0.053570, 0.025738, -9.775825, -0.003089, 0.003057, -0.002233
1763763109.678668, -0.056264, 0.031723, -9.773730, -0.001775, 0.001948, -0.002333
1763763109.688681, -0.040701, 0.015562, -9.775675, -0.004039, 0.001407, -0.002899
1763763109.698665, -0.039055, 0.017508, -9.786150, -0.000619, 0.003333, -0.003002
1763763109.708680, -0.053720, 0.023792, -9.775076, -0.003996, 0.003760, -0.002722
1763763109.718692, -0.046687, 0.030676, -9.765500, -0.002771, 0.002693, -0.003405
1763763109.728689, -0.044891, 0.020949, -9.816077, -0.004064, 0.002187, -0.002464
1763763109.738681, -0.039504, 0.032022, -9.753080, -0.004206, 0.002915, -0.003011
1763763109.748683, -0.053421, 0.019453, -9.784204, -0.000952, 0.002344, -0.002923
1763763109.758697, -0.039654, 0.033968, -9.803208, -0.004802, 0.003337, -0.002557
1763763109.768706, -0.048333, 0.025438, -9.784953, -0.001716, 0.002783, -0.004254
1763763109.778702, -0.050278, 0.026037, -9.769989, -0.003682, 0.004283, -0.002284
1763763109.788684, -0.034267, 0.032771, -9.778368, -0.001771, 0.002761, -0.002856
1763763109.798688, -0.037858, 0.012121, -9.800216, -0.003333, 0.003339, -0.002334
1763763109.808713, -0.061501, 0.030526, -9.770288, -0.002823, 0.002503, -0.003420
1763763109.818693, -0.059855, 0.019752, -9.755324, -0.002823, 0.002503, -0.003420
1763763109.828678, -0.040701, 0.017957, -9.785551, -0.004278, 0.002565, -0.002988
1763763109.838680, -0.052972, 0.033968, -9.804405, -0.006077, 0.002372, -0.002259
1763763109.848675, -0.031125, 0.020650, -9.764751, -0.002194, 0.002344, -0.002386
1763763109.858466, -0.051326, 0.022446, -9.813234, -0.002194, 0.002344, -0.002386
1763763109.868682, -0.039205, 0.016759, -9.794679, -0.002779, 0.002584, -0.002995
1763763109.878685, -0.064494, 0.029628, -9.743353, -0.002805, 0.002476, -0.003247
1763763109.888680, -0.040552, 0.028431, -9.792734, -0.003135, 0.002733, -0.001949
1763763109.897769, -0.036811, 0.025289, -9.791237, -0.003135, 0.002733, -0.001949
1763763109.908692, -0.046088, 0.021697, -9.776124, -0.003742, 0.004089, -0.002153
1763763109.918672, -0.048333, 0.019453, -9.746196, -0.001550, 0.002210, -0.002263
1763763109.928685, -0.043694, 0.009577, -9.800066, -0.003964, 0.002127, -0.001799
1763763109.938685, -0.041899, 0.015263, -9.803059, -0.003552, 0.001116, -0.001653
1763763109.947790, -0.050129, 0.015413, -9.780314, -0.003552, 0.001116, -0.001653
1763763109.958685, -0.040552, 0.020650, -9.790040, -0.003471, 0.003486, -0.003298
1763763109.968685, -0.054767, 0.034417, -9.771186, -0.003639, 0.002020, -0.004034
1763763109.978684, -0.052523, 0.029179, -9.786898, -0.003017, 0.003312, -0.002583
1763763109.988678, -0.049530, 0.022146, -9.771784, -0.003663, 0.004292, -0.003185
1763763109.997785, -0.033818, 0.030975, -9.785401, -0.002624, 0.003778, -0.002341
1763763110.008690, -0.047734, 0.023044, -9.793482, -0.002578, 0.002368, -0.003012
1763763110.018677, -0.050578, 0.033070, -9.769241, -0.001514, 0.003313, -0.002689
1763763110.028693, -0.034417, 0.017358, -9.786898, -0.002762, 0.003768, -0.004108
1763763110.038097, -0.054917, 0.021099, -9.792883, -0.002985, 0.003957, -0.002559
1763763110.047794, -0.051625, 0.029179, -9.771036, -0.003761, 0.003304, -0.002858
1763763110.058693, -0.037858, 0.019154, -9.772084, -0.001722, 0.003155, -0.004176
1763763110.068680, -0.045789, 0.021997, -9.810391, -0.004024, 0.003716, -0.001961
1763763110.078676, -0.036811, 0.027234, -9.750237, 0.000132, 0.002027, -0.003026
1763763110.087973, -0.064195, 0.027084, -9.766397, -0.003782, 0.003114, -0.001221
1763763110.097796, -0.040701, 0.020051, -9.787197, -0.002820, 0.003089, -0.002124
1763763110.108687, -0.051775, 0.020051, -9.790489, -0.004246, 0.002903, -0.002920
1763763110.118676, -0.059107, 0.024241, -9.781511, -0.001385, 0.001760, -0.002732
1763763110.128692, -0.058059, 0.013018, -9.769091, -0.003802, 0.003726, -0.003510
1763763110.138693, -0.048483, 0.030825, -9.820866, -0.004138, 0.002454, -0.001532
1763763110.147829, -0.042647, 0.031873, -9.765051, -0.003408, 0.003495, -0.000752
1763763110.158689, -0.053720, 0.027982, -9.779715, -0.002663, 0.002633, -0.003070
1763763110.168216, -0.036661, 0.024989, -9.793033, -0.000998, 0.002989, -0.002383
1763763110.178692, -0.046986, 0.028282, -9.789442, -0.004897, 0.002839, -0.001568
1763763110.188689, -0.059107, 0.020949, -9.768642, -0.002594, 0.002522, -0.000618
1763763110.197835, -0.039205, 0.016759, -9.769690, -0.001515, 0.002358, -0.001817
1763763110.208690, -0.043395, 0.022446, -9.806051, -0.004144, 0.002159, -0.002535
1763763110.218682, -0.059556, 0.030077, -9.748740, -0.001500, 0.002508, -0.000942
1763763110.228702, -0.046687, 0.023792, -9.777471, -0.001790, 0.003193, -0.002148
1763763110.238688, -0.036811, 0.018555, -9.788693, -0.002903, 0.001813, -0.003041
1763763110.248687, -0.053121, 0.001496, -9.784504, -0.003553, 0.002985, -0.003537
1763763110.258689, -0.045191, 0.031274, -9.755175, -0.002048, 0.004339, -0.002368
1763763110.268383, -0.052373, 0.025588, -9.807398, -0.003644, 0.002797, -0.003524
1763763110.278691, -0.052822, 0.012570, -9.794978, -0.003197, 0.001750, -0.002363
1763763110.288691, -0.053271, 0.023343, -9.753529, -0.004529, 0.002902, -0.000610
1763763110.298687, -0.049829, 0.012270, -9.796175, -0.002873, 0.003413, -0.003300
1763763110.308685, -0.038008, 0.025139, -9.781361, -0.002354, 0.004500, -0.002633
1763763110.318690, -0.048034, 0.019004, -9.800814, -0.004367, 0.001610, -0.002624
1763763110.328696, -0.041899, 0.020351, -9.752631, -0.001001, 0.003327, -0.001832
1763763110.338687, -0.048782, 0.016759, -9.801562, -0.004890, 0.003022, -0.002673
1763763110.348688, -0.056413, 0.010026, -9.790340, -0.003694, 0.002561, -0.002993
1763763110.358692, -0.052373, 0.028431, -9.746196, -0.003877, 0.002458, -0.001859
1763763110.368693, -0.046238, 0.022296, -9.815928, -0.003271, 0.002091, -0.002435
1763763110.378690, -0.043545, 0.017508, -9.774777, -0.000532, 0.003933, -0.002269
1763763110.388690, -0.054169, 0.029179, -9.769091, -0.004025, 0.001426, -0.002731
1763763110.398690, -0.042048, 0.013916, -9.774628, -0.002379, 0.002606, -0.001811
1763763110.408696, -0.057311, 0.013318, -9.785850, -0.002829, 0.001943, -0.002161
1763763110.418689, -0.052672, 0.009427, -9.788544, -0.003060, 0.003079, -0.002340
1763763110.428697, -0.060753, 0.010175, -9.752631, -0.002707, 0.002738, -0.001621
1763763110.438659, -0.051026, 0.014964, -9.778668, -0.002834, 0.001422, -0.001828
1763763110.448692, -0.038158, 0.031125, -9.769540, -0.003975, 0.001735, -0.001528
1763763110.458698, -0.049979, 0.026935, -9.767894, -0.001626, 0.002851, -0.002453
1763763110.468689, -0.043395, 0.029479, -9.774029, -0.002263, 0.003829, -0.001649
1763763110.478690, -0.050278, 0.014365, -9.809493, -0.004728, 0.003379, -0.002983
1763763110.488689, -0.047734, 0.022446, -9.770587, -0.002188, 0.002950, -0.001969
1763763110.498690, -0.051326, 0.036063, -9.755773, -0.004417, 0.003158, -0.002158
1763763110.508704, -0.049231, 0.027833, -9.816077, -0.003125, 0.002987, -0.001445
1763763110.518681, -0.042198, 0.029030, -9.772832, -0.001002, 0.003894, -0.001749
1763763110.527900, -0.058658, 0.025887, -9.773730, -0.003539, 0.002356, -0.002724
1763763110.538680, -0.048782, 0.016460, -9.787646, -0.002674, 0.003276, -0.002598
1763763110.548704, -0.052523, 0.018854, -9.810092, -0.004667, 0.002576, -0.002492
1763763110.558693, -0.034417, 0.016610, -9.765949, -0.001921, 0.003031, -0.002478
1763763110.568705, -0.054917, 0.028431, -9.781661, -0.003038, 0.002745, -0.001969
1763763110.578700, -0.042198, 0.018854, -9.807847, -0.002358, 0.003885, -0.001893
1763763110.588695, -0.050877, 0.019603, -9.759065, -0.003463, 0.002901, -0.001620
1763763110.598694, -0.042198, 0.020351, -9.778219, -0.002676, 0.000493, -0.000967
1763763110.608697, -0.055516, 0.041749, -9.779865, -0.003133, 0.003385, -0.003029
1763763110.618702, -0.033818, 0.019154, -9.794380, -0.002404, 0.002858, -0.002270
1763763110.628691, -0.048333, 0.026635, -9.763405, -0.001202, 0.002414, -0.003032
1763763110.638693, -0.044143, 0.024690, -9.769241, -0.002603, 0.002921, -0.002563
1763763110.648695, -0.034417, 0.016460, -9.795726, -0.002196, 0.002504, -0.003687
1763763110.658215, -0.052972, 0.021997, -9.771635, -0.003265, 0.001798, -0.002364
1763763110.668695, -0.056563, 0.021099, -9.780763, -0.003146, 0.003653, -0.001631
1763763110.678703, -0.043844, 0.015263, -9.789292, -0.002160, 0.003464, -0.000652
1763763110.688694, -0.069282, 0.011372, -9.785701, -0.002800, 0.001865, -0.001997
1763763110.698553, -0.064344, 0.034866, -9.752182, -0.003531, 0.002516, -0.002631
1763763110.708163, -0.047435, 0.018705, -9.803807, -0.005049, 0.003971, -0.001871
1763763110.718694, -0.046986, 0.013767, -9.778368, -0.002443, 0.002689, -0.002463
1763763110.728696, -0.069282, 0.027982, -9.770438, -0.003848, 0.003056, -0.003342
1763763110.737993, -0.050129, 0.019154, -9.779566, -0.001735, 0.001870, -0.002421
1763763110.748692, -0.048931, 0.033818, -9.775076, -0.004315, 0.002231, -0.001717
1763763110.758696, -0.039804, 0.024541, -9.787945, -0.003308, 0.001482, -0.002084
1763763110.768697, -0.043395, 0.029030, -9.756970, -0.003808, 0.003613, -0.003458
1763763110.778701, -0.038607, 0.030676, -9.783606, -0.001609, 0.003479, -0.002437
1763763110.788694, -0.038906, 0.031125, -9.780015, -0.000538, 0.004718, -0.001317
1763763110.798694, -0.061052, 0.026187, -9.775226, -0.004337, 0.003294, -0.002602
1763763110.808708, -0.048333, 0.029030, -9.780164, -0.002119, 0.004114, -0.002459
1763763110.818695, -0.037709, 0.031574, -9.792734, -0.003834, 0.003115, -0.002793
1763763110.828697, -0.045939, 0.022446, -9.803657, -0.002530, 0.003125, -0.003604
1763763110.838695, -0.046837, 0.033519, -9.744999, -0.001509, 0.003162, -0.003435
1763763110.847887, -0.055366, 0.029179, -9.817723, -0.004424, 0.002324, -0.002914
1763763110.858695, -0.044143, 0.017957, -9.783606, -0.001554, 0.001586, -0.002716
1763763110.868693, -0.047435, 0.032920, -9.758018, -0.003162, 0.003424, -0.002278
1763763110.878696, -0.039055, 0.019453, -9.778518, -0.002067, 0.004253, -0.002720
1763763110.888696, -0.047585, 0.024092, -9.801263, -0.003622, 0.001951, -0.002575
1763763110.898701, -0.052224, 0.026037, -9.756372, -0.001493, 0.002135, -0.001980
1763763110.908702, -0.049231, 0.018854, -9.759365, -0.002558, 0.002752, -0.002929
1763763110.918706, -0.035464, 0.024690, -9.809343, -0.003865, 0.002217, -0.003912
1763763110.928696, -0.056713, 0.028730, -9.770438, -0.001799, 0.002345, -0.003604
1763763110.938698, -0.057610, 0.029030, -9.782259, -0.001507, 0.003312, -0.001188
1763763110.948721, -0.038756, 0.022745, -9.779416, -0.002012, 0.003830, -0.002520
1763763110.958709, -0.051176, 0.033070, -9.813084, -0.004188, 0.001472, -0.001476
1763763110.968699, -0.047285, 0.020650, -9.765051, -0.001927, 0.002973, -0.003112
1763763110.978696, -0.062848, 0.032621, -9.776124, -0.002425, 0.003005, -0.002551
1763763110.988683, -0.034716, 0.017358, -9.821165, -0.004410, 0.003566, -0.003843
1763763110.998677, -0.056713, 0.031574, -9.761759, -0.001003, 0.003990, -0.002034
1763763111.008699, -0.055665, 0.017059, -9.771186, -0.003746, 0.003725, -0.003230
1763763111.018550, -0.049979, 0.030526, -9.791537, -0.001881, 0.004590, -0.001933
1763763111.028697, -0.056563, 0.019603, -9.805154, -0.003084, 0.003052, -0.003061
1763763111.037948, -0.050877, 0.024840, -9.750536, -0.002483, 0.003286, -0.002454
1763763111.048719, -0.057162, 0.024989, -9.759813, -0.003785, 0.002243, -0.003085
1763763111.058699, -0.041001, 0.024092, -9.780314, -0.003153, 0.002944, -0.001623
1763763111.068697, -0.042497, 0.026635, -9.789292, -0.003162, 0.002190, -0.002113
1763763111.078697, -0.046388, 0.033070, -9.767445, -0.003650, 0.003341, -0.003285
1763763111.088698, -0.049231, 0.030227, -9.766248, -0.003169, 0.002507, -0.003066
1763763111.098726, -0.053271, 0.023942, -9.801562, -0.004197, 0.002743, -0.001539
1763763111.108709, -0.049680, 0.025438, -9.753828, -0.002962, 0.002950, -0.003028
1763763111.118697, -0.046238, 0.023493, -9.775076, -0.003888, 0.002566, -0.003846
1763763111.128699, -0.042048, 0.021249, -9.797971, -0.003074, 0.003324, -0.001495
1763763111.138721, -0.045340, 0.015113, -9.761310, -0.002355, 0.003685, -0.002910
1763763111.148705, -0.047136, 0.022745, -9.794679, -0.003731, 0.003446, -0.002925
1763763111.158698, -0.043993, 0.029928, -9.772682, -0.002286, 0.002979, -0.001973
1763763111.168700, -0.052972, 0.024092, -9.786449, -0.004386, 0.003794, -0.001880
1763763111.178701, -0.063746, 0.022595, -9.759215, -0.000792, 0.003289, -0.001556
1763763111.188708, -0.048333, 0.016161, -9.785102, -0.003564, 0.004083, -0.003215
1763763111.198706, -0.038906, 0.025738, -9.789891, -0.003164, 0.003297, -0.002680
1763763111.208700, -0.071227, 0.040253, -9.756521, -0.003521, 0.002947, -0.001769
1763763111.218698, -0.044143, 0.024840, -9.756521, -0.001660, 0.003270, -0.002047
1763763111.228724, -0.033070, 0.023942, -9.796325, -0.003806, 0.001817, -0.002296
1763763111.238699, -0.054468, 0.021398, -9.801862, -0.002933, 0.002619, -0.002899
1763763111.248701, -0.054468, 0.036811, -9.742156, -0.000798, 0.002950, -0.003439
1763763111.258716, -0.051625, 0.023343, -9.779566, -0.004394, 0.002557, -0.002092
1763763111.268711, -0.051625, 0.023343, -9.779566, -0.003476, 0.004552, -0.000550
1763763111.278701, -0.062249, 0.018854, -9.778817, -0.003628, 0.001895, -0.001864
1763763111.288702, -0.050727, 0.014066, -9.788245, -0.002411, 0.005136, -0.001319
1763763111.298701, -0.051924, 0.039355, -9.796475, -0.003273, 0.002940, -0.001532
1763763111.308703, -0.051924, 0.039355, -9.796475, -0.003001, 0.002816, -0.001324
1763763111.318701, -0.058508, 0.012270, -9.832088, -0.001270, 0.002792, -0.000816
1763763111.328700, -0.039055, 0.015113, -9.775376, -0.005237, 0.003146, -0.002325
1763763111.338701, -0.048483, 0.019752, -9.774478, -0.001361, 0.002884, -0.003266
1763763111.348707, -0.061351, 0.027384, -9.791537, -0.003459, 0.002806, -0.001309
1763763111.358712, -0.061950, 0.026037, -9.780164, -0.003525, 0.003544, -0.002962
1763763111.368703, -0.046537, 0.025738, -9.750386, -0.004255, 0.003591, -0.001689
1763763111.378701, -0.031723, 0.020500, -9.768492, -0.002043, 0.002824, -0.001671
1763763111.388701, -0.043844, 0.027533, -9.816376, -0.004459, 0.003461, -0.001993
1763763111.398704, -0.045490, 0.031274, -9.755923, -0.002758, 0.002916, -0.002628
1763763111.408704, -0.047734, 0.032322, -9.762357, -0.003355, 0.002451, -0.001834
1763763111.418701, -0.031424, 0.031125, -9.777920, -0.002775, 0.001395, -0.004151
1763763111.428703, -0.050428, 0.022146, -9.807548, -0.004057, 0.004264, -0.002691
1763763111.438668, -0.053421, 0.019603, -9.759813, -0.004030, 0.001818, -0.002642
1763763111.448703, -0.042946, 0.040253, -9.769091, 0.000532, 0.003477, -0.001744
1763763111.458701, -0.036063, 0.018405, -9.813833, -0.003405, 0.002782, -0.002109
1763763111.468702, -0.050428, 0.027683, -9.739762, -0.003819, 0.003841, -0.002090
1763763111.478704, -0.055516, 0.028431, -9.782858, -0.001598, 0.003164, -0.002282
1763763111.488703, -0.027833, 0.016909, -9.789591, -0.003547, 0.003481, -0.001442
1763763111.498716, -0.059256, 0.023792, -9.786898, -0.001753, 0.004610, -0.002240
1763763111.508331, -0.044891, 0.018705, -9.764003, -0.003484, 0.002778, -0.003147
1763763111.518068, -0.051475, 0.027384, -9.766697, -0.002324, 0.001736, -0.003862
1763763111.528705, -0.054169, 0.013767, -9.803059, -0.003333, 0.001033, -0.002251
1763763111.538707, -0.054767, 0.020500, -9.767295, -0.002133, 0.002333, -0.002544
1763763111.548703, -0.054019, 0.023643, -9.794230, -0.002155, 0.002464, -0.002393
1763763111.558705, -0.042048, 0.026486, -9.773580, -0.004565, 0.004531, -0.001190
1763763111.568717, -0.059406, 0.037858, -9.785252, -0.002226, 0.003324, -0.003147
1763763111.578734, -0.035913, 0.011971, -9.755025, -0.002826, 0.002816, -0.003564
1763763111.588705, -0.044293, 0.017508, -9.795726, -0.002767, 0.004393, -0.001436
1763763111.598718, -0.044293, 0.023493, -9.784803, -0.005096, 0.003388, -0.000893
1763763111.608716, -0.047136, 0.016161, -9.742455, -0.001831, 0.003406, -0.002074
1763763111.618705, -0.048931, 0.015113, -9.796325, -0.003029, 0.001894, -0.002427
1763763111.628706, -0.035913, 0.024241, -9.793931, -0.004017, 0.002567, -0.002596
1763763111.638704, -0.054019, 0.034866, -9.801263, -0.003378, 0.003828, -0.002722
1763763111.648140, -0.041450, 0.030376, -9.750386, -0.002508, 0.002833, -0.003906
1763763111.658554, -0.044143, 0.026187, -9.810989, -0.001217, 0.003369, -0.002593
1763763111.668706, -0.047734, 0.025438, -9.776872, -0.004623, 0.001945, -0.002209
1763763111.678720, -0.053271, 0.024690, -9.771485, -0.000878, 0.002977, -0.002214
1763763111.688714, -0.048483, 0.011672, -9.809044, -0.002756, 0.002599, -0.002127
1763763111.698720, -0.052523, 0.027533, -9.790788, -0.002776, 0.003013, -0.003397
1763763111.708717, -0.049829, 0.031574, -9.794080, -0.002131, 0.003580, -0.000337
1763763111.718720, -0.055665, 0.028730, -9.751284, -0.000605, 0.003103, -0.003372
1763763111.728730, -0.034866, 0.025139, -9.803657, -0.002863, 0.003617, -0.002116
1763763111.738714, -0.046388, 0.021548, -9.800216, -0.003839, 0.002751, -0.003478
1763763111.748715, -0.065392, 0.023044, -9.771784, -0.002794, 0.002822, -0.001916
1763763111.758706, -0.038607, 0.025738, -9.767595, -0.002033, 0.002487, -0.003238
1763763111.768712, -0.052074, 0.006434, -9.799617, -0.001618, 0.003472, -0.002828
1763763111.778709, -0.063297, 0.021548, -9.786000, -0.003398, 0.001815, -0.002917
1763763111.788712, -0.040253, 0.031723, -9.761908, -0.003398, 0.001815, -0.002917
1763763111.798707, -0.050278, 0.022895, -9.809792, -0.005589, 0.003806, -0.002192
1763763111.808716, -0.048183, 0.018854, -9.770887, -0.001231, 0.004575, -0.001160
1763763111.818706, -0.055516, 0.029329, -9.766098, -0.002959, 0.002385, -0.001220
1763763111.828709, -0.038158, 0.018106, -9.781960, -0.002366, 0.002133, -0.001806
1763763111.838708, -0.044442, 0.022745, -9.788693, -0.003188, 0.001834, -0.000769
1763763111.848708, -0.039504, 0.027833, -9.776124, -0.002803, 0.002185, -0.003155
1763763111.858709, -0.036960, 0.012719, -9.775525, -0.002765, 0.003651, -0.003267
1763763111.868714, -0.045490, 0.018854, -9.797372, -0.002180, 0.002917, -0.003657
1763763111.878709, -0.059107, 0.029928, -9.754127, -0.003770, 0.000679, -0.001725
1763763111.888709, -0.067786, 0.027384, -9.772832, -0.002166, 0.002951, -0.000837
1763763111.898708, -0.041300, 0.016610, -9.788693, -0.001935, 0.004242, -0.001698
1763763111.908723, -0.054917, 0.027982, -9.795427, -0.003527, 0.002311, -0.003027
1763763111.918710, -0.062549, 0.025438, -9.770737, -0.001176, 0.004364, -0.000864
1763763111.928709, -0.040851, 0.032621, -9.763105, -0.002627, 0.002490, -0.003436
1763763111.938709, -0.069432, 0.027833, -9.828647, -0.005934, 0.002658, -0.001366
1763763111.948711, -0.050877, 0.025887, -9.737667, -0.002152, 0.003285, -0.002963
1763763111.958713, -0.046238, 0.030975, -9.781062, -0.004495, 0.003335, -0.001414
1763763111.968712, -0.033668, 0.023044, -9.789442, -0.002035, 0.002270, -0.002493
1763763111.978541, -0.060304, 0.029479, -9.767146, -0.002457, 0.001727, -0.002124
1763763111.988710, -0.043096, 0.020051, -9.759365, -0.002047, 0.002969, -0.002400
1763763111.998711, -0.044592, 0.015113, -9.772533, -0.003497, 0.003864, -0.001288
1763763112.008711, -0.061950, 0.020500, -9.792734, -0.000548, 0.003818, -0.002654
1763763112.018710, -0.041899, 0.024092, -9.762507, -0.003608, 0.002525, -0.002827
1763763112.028722, -0.039804, 0.006734, -9.782708, -0.002945, 0.003388, -0.001089
1763763112.038711, -0.042347, 0.023942, -9.771784, -0.004004, 0.003000, -0.001662
1763763112.048710, -0.061202, 0.023643, -9.795726, -0.003777, 0.002474, -0.002767
1763763112.058717, -0.043844, 0.017059, -9.759215, -0.001467, 0.003331, -0.000660
1763763112.068709, -0.046388, 0.025887, -9.805902, -0.003665, 0.003701, -0.003076
1763763112.078711, -0.052523, 0.023493, -9.784953, -0.002825, 0.003057, -0.002580
1763763112.087942, -0.054019, 0.030975, -9.750835, -0.004301, 0.002689, -0.001336
1763763112.098714, -0.057910, 0.030825, -9.798869, -0.002054, 0.004538, -0.002565
1763763112.108738, -0.046986, 0.016161, -9.773131, -0.003778, 0.003237, -0.002185
1763763112.118711, -0.055665, 0.026486, -9.786449, -0.003941, 0.003345, -0.002641
1763763112.128725, -0.053870, 0.015862, -9.762208, -0.000853, 0.001467, -0.003372
1763763112.138713, -0.057012, 0.029329, -9.778219, -0.004855, 0.002978, -0.002157
1763763112.148713, -0.041300, 0.013168, -9.776722, -0.001205, 0.001686, -0.001281
1763763112.158713, -0.048183, 0.033220, -9.761011, -0.004866, 0.003254, -0.001256
1763763112.168713, -0.036512, 0.015712, -9.791986, -0.002838, 0.003958, -0.003305
1763763112.178713, -0.046238, 0.035015, -9.778518, -0.003776, 0.002745, -0.001800
1763763112.188710, -0.059705, 0.031125, -9.788245, -0.003416, 0.003829, -0.003460
1763763112.198652, -0.039504, 0.011821, -9.760861, -0.002842, 0.003681, -0.002996
1763763112.208736, -0.049380, 0.022446, -9.802311, -0.004251, 0.004185, -0.002855
1763763112.217781, -0.054019, 0.014964, -9.783307, -0.002548, 0.002866, -0.002098
1763763112.228712, -0.057610, 0.014365, -9.749339, -0.002501, 0.002975, -0.002969
1763763112.238711, -0.058209, 0.015862, -9.776124, -0.003695, 0.002520, -0.001771
1763763112.248712, -0.044293, 0.029030, -9.788394, -0.004635, 0.002683, -0.002939
1763763112.258722, -0.051475, 0.034117, -9.783905, -0.002817, 0.002585, -0.002548
1763763112.268714, -0.029479, 0.019154, -9.783606, -0.003209, 0.002047, -0.002149
1763763112.278716, -0.056413, 0.031274, -9.803957, -0.006334, 0.003279, -0.003374
1763763112.288717, -0.055216, 0.028282, -9.756970, -0.000908, 0.001526, -0.002616
1763763112.298716, -0.053121, 0.034566, -9.771784, -0.003978, 0.001854, -0.001467
1763763112.308728, -0.037858, 0.015712, -9.802161, -0.003408, 0.002968, -0.003268
1763763112.318715, -0.046837, 0.023493, -9.780912, -0.004101, 0.002470, -0.002498
1763763112.328722, -0.055516, 0.017208, -9.782558, -0.002149, 0.002674, -0.000692
1763763112.338715, -0.040701, 0.021697, -9.775076, -0.002582, 0.001409, -0.002022
1763763112.348717, -0.056114, 0.025438, -9.812935, -0.004413, 0.002929, -0.002229
1763763112.358738, -0.050578, 0.034866, -9.736769, -0.000535, 0.002242, -0.001791
1763763112.368719, -0.038457, 0.033818, -9.788245, -0.004736, 0.003776, -0.002770
1763763112.378723, -0.043993, 0.023044, -9.805303, 0.000049, 0.002959, -0.003599
1763763112.388719, -0.047734, 0.034117, -9.771336, -0.003504, 0.003770, -0.001452
1763763112.398724, -0.040701, 0.035165, -9.765500, -0.001258, 0.003320, -0.002889
1763763112.408726, -0.037559, 0.025438, -9.770587, -0.001606, 0.003612, -0.001529
1763763112.418721, -0.045939, 0.021697, -9.823110, -0.004090, 0.003064, -0.002540
1763763112.428719, -0.058658, 0.026187, -9.743054, -0.001464, 0.003623, -0.001507
1763763112.438686, -0.041150, 0.025139, -9.784204, -0.002282, 0.002888, -0.003608
1763763112.448716, -0.051625, 0.020201, -9.796026, -0.003761, 0.003578, -0.002068
1763763112.458718, -0.057162, 0.031723, -9.760262, -0.003275, 0.000550, -0.002094
1763763112.468721, -0.048632, 0.025887, -9.778518, -0.003254, 0.002203, -0.002194
1763763112.478718, -0.040851, 0.037409, -9.784055, -0.004027, 0.002076, -0.000497
1763763112.488715, -0.052822, 0.027533, -9.786150, -0.003322, 0.002592, -0.002651
1763763112.498726, -0.041150, 0.033519, -9.744850, -0.002475, 0.003465, -0.002012
1763763112.508539, -0.043395, 0.020051, -9.788843, -0.002901, 0.003045, -0.003001
1763763112.518715, -0.063446, 0.030227, -9.792285, -0.002304, 0.002481, -0.002886
1763763112.528720, -0.050877, 0.032022, -9.781361, -0.001992, 0.003235, -0.003473
1763763112.538716, -0.048333, 0.019752, -9.773730, -0.002942, 0.003545, -0.001638
1763763112.547975, -0.041599, 0.018106, -9.785401, -0.004744, 0.002849, -0.002892
1763763112.558718, -0.046837, 0.028581, -9.783606, -0.002489, 0.001739, -0.002772
1763763112.568716, -0.052373, 0.017208, -9.762956, -0.002574, 0.003311, -0.002069
1763763112.578719, -0.049530, 0.028132, -9.810092, -0.003892, 0.003231, -0.003680
1763763112.588716, -0.050578, 0.030526, -9.788993, -0.003428, 0.002443, -0.002598
1763763112.598724, -0.056563, 0.022595, -9.752032, -0.004040, 0.003788, -0.002139
1763763112.608731, -0.040253, 0.023343, -9.755923, -0.001090, 0.003986, -0.002723
1763763112.618541, -0.049530, 0.022146, -9.805303, -0.004573, 0.002866, -0.002035
1763763112.628728, -0.047285, 0.017957, -9.787197, -0.000704, 0.002523, -0.002981
1763763112.638721, -0.049979, 0.009577, -9.779117, -0.003355, 0.003654, -0.002969
1763763112.648721, -0.040701, 0.013467, -9.806051, -0.003973, 0.005093, -0.003259
1763763112.658729, -0.053570, 0.024989, -9.771635, -0.004215, 0.002300, -0.001535
1763763112.668719, -0.046537, 0.026037, -9.786000, -0.003318, 0.004096, -0.002842
1763763112.678718, -0.035614, 0.017807, -9.758467, -0.001250, 0.003504, -0.002741
1763763112.688727, -0.052074, 0.023942, -9.807398, -0.004319, 0.003784, -0.002319
1763763112.698731, -0.042048, 0.021548, -9.773580, -0.001750, 0.003052, -0.001059
1763763112.708720, -0.042048, 0.041300, -9.759813, -0.004630, 0.002461, -0.001759
1763763112.718729, -0.038307, 0.025588, -9.810989, -0.003836, 0.004087, -0.002015
1763763112.728734, -0.042198, 0.032471, -9.768343, -0.001728, 0.002667, -0.000874
1763763112.738745, -0.049979, 0.032771, -9.786599, -0.004039, 0.003908, -0.002911
1763763112.748720, -0.040701, 0.027234, -9.784803, -0.001080, 0.003098, -0.000847
1763763112.758722, -0.047435, 0.037409, -9.800515, -0.005378, 0.001336, -0.001605
1763763112.767865, -0.046537, 0.038008, -9.765949, -0.000727, 0.003567, -0.002608
1763763112.778722, -0.042347, 0.033070, -9.786299, -0.003839, 0.003696, -0.002896
1763763112.788742, -0.038158, 0.023643, -9.817574, -0.002581, 0.003510, -0.001794
1763763112.798722, -0.061800, 0.026037, -9.776872, -0.002678, 0.003564, -0.003391
1763763112.808722, -0.054019, 0.020201, -9.770587, -0.001463, 0.003582, -0.001410
1763763112.818719, -0.029628, 0.020051, -9.780613, -0.003855, 0.002547, -0.001960
1763763112.828725, -0.043545, 0.021697, -9.796475, -0.004757, 0.003655, -0.001786
1763763112.838728, -0.048483, 0.024989, -9.749339, -0.001773, 0.002871, -0.001639
1763763112.848726, -0.057311, 0.024989, -9.788544, -0.004270, 0.002934, -0.002516
1763763112.858727, -0.038607, 0.010924, -9.792883, -0.004363, 0.003724, -0.003082
1763763112.868720, -0.047585, 0.023194, -9.777471, -0.002862, 0.002047, -0.001181
1763763112.878749, -0.041749, 0.021249, -9.785701, -0.001193, 0.002852, -0.003291
1763763112.888722, -0.029778, 0.021997, -9.771336, -0.002919, 0.003210, -0.001769
1763763112.898731, -0.052672, 0.034267, -9.806051, -0.004444, 0.003185, -0.003243
1763763112.908725, -0.047285, 0.034566, -9.755773, 0.000134, 0.002971, -0.002630
1763763112.918721, -0.048782, 0.025438, -9.779566, -0.004820, 0.003445, -0.003240
1763763112.928744, -0.034267, 0.017508, -9.802460, -0.001948, 0.002988, -0.002766
1763763112.938723, -0.056413, 0.031125, -9.756222, -0.003949, 0.002780, -0.001742
1763763112.948721, -0.048782, 0.018705, -9.794529, -0.002410, 0.002825, -0.002467
1763763112.958725, -0.036661, 0.016909, -9.788843, -0.002373, 0.002728, -0.002787
1763763112.968728, -0.058957, 0.029179, -9.771336, -0.003295, 0.002859, -0.001732
1763763112.978747, -0.055665, 0.038906, -9.766098, -0.000829, 0.002456, -0.001493
1763763112.988722, -0.036811, 0.017358, -9.808895, -0.003936, 0.003019, -0.002920
1763763112.998722, -0.034716, 0.007931, -9.781960, -0.000206, 0.003098, -0.003061
1763763113.008726, -0.064943, 0.031424, -9.768043, -0.002860, 0.002761, -0.002749
1763763113.018721, -0.030077, 0.022595, -9.780912, -0.002778, 0.003398, -0.001459
1763763113.028727, -0.051475, 0.026187, -9.809343, -0.002366, 0.004369, -0.002341
1763763113.038744, -0.057311, 0.021697, -9.791237, -0.002222, 0.003043, -0.002231
1763763113.048733, -0.034866, 0.024541, -9.747543, -0.002230, 0.005171, -0.001420
1763763113.057769, -0.049680, 0.010475, -9.827300, -0.002289, 0.003380, -0.003369
1763763113.068724, -0.049680, 0.015562, -9.765350, -0.002160, 0.003278, -0.002290
1763763113.077955, -0.066140, 0.026336, -9.732879, -0.003320, 0.001879, -0.003660
1763763113.087928, -0.038906, 0.016909, -9.787347, -0.001440, 0.002709, -0.002178
1763763113.098728, -0.049829, 0.024690, -9.800216, -0.003927, 0.001497, -0.001513
1763763113.108729, -0.045789, 0.016759, -9.769241, -0.000825, 0.002872, -0.001896
1763763113.118713, -0.058209, 0.038307, -9.760262, -0.003790, 0.003938, -0.002264
1763763113.128716, -0.050578, 0.007781, -9.809044, -0.001913, 0.001900, -0.002299
1763763113.138715, -0.048183, 0.022296, -9.764602, -0.004842, 0.003267, -0.002211
1763763113.148715, -0.057610, 0.029329, -9.778368, -0.002459, 0.003107, -0.002140
1763763113.158734, -0.028730, 0.026037, -9.778069, -0.003189, 0.002986, -0.002915
1763763113.168726, -0.062399, 0.027982, -9.800365, -0.004594, 0.001648, -0.001214
1763763113.178738, -0.046537, 0.019453, -9.775525, -0.001939, 0.002919, -0.001362
1763763113.188719, -0.042347, 0.021398, -9.782109, -0.003470, 0.004216, -0.001564
1763763113.198730, -0.028880, 0.028880, -9.794080, -0.003265, 0.002752, -0.002788
1763763113.208740, -0.050428, 0.027982, -9.743353, -0.002096, 0.003398, -0.000871
1763763113.218737, -0.052672, 0.024690, -9.778668, -0.002245, 0.002096, -0.002503
1763763113.228734, -0.043245, 0.014365, -9.787796, -0.003287, 0.003915, -0.002868
1763763113.238740, -0.038307, 0.006434, -9.758616, -0.002680, 0.003196, -0.001042
1763763113.248728, -0.054917, 0.037559, -9.773131, -0.000966, 0.003726, -0.002739
1763763113.258733, -0.054917, 0.037559, -9.773131, -0.004051, 0.002730, -0.003418
1763763113.268726, -0.056413, 0.025588, -9.755175, -0.001633, 0.003095, -0.002495
1763763113.278730, -0.048483, 0.015413, -9.774328, -0.002458, 0.002927, -0.003140
1763763113.288732, -0.037409, 0.025289, -9.777321, -0.001882, 0.004576, -0.001185
1763763113.298730, -0.060154, 0.020949, -9.803508, -0.002660, 0.002999, -0.003225
1763763113.308738, -0.041749, 0.013318, -9.759963, -0.003590, 0.003155, -0.001875
1763763113.318749, -0.051176, 0.022446, -9.780912, -0.002464, 0.003077, -0.002496
1763763113.328731, -0.054019, 0.016610, -9.786449, -0.005307, 0.002622, -0.002391
1763763113.338727, -0.054468, 0.026037, -9.762507, -0.002686, 0.004177, -0.002376
1763763113.348729, -0.047136, 0.021997, -9.785850, -0.004912, 0.002153, -0.001285
1763763113.358154, -0.043545, 0.035464, -9.784803, -0.002540, 0.002911, -0.000450
1763763113.368730, -0.052373, 0.020949, -9.785401, -0.003107, 0.002510, -0.001607
1763763113.378730, -0.049829, 0.023942, -9.744999, -0.004739, 0.002546, -0.004115
1763763113.388729, -0.038307, 0.033668, -9.800964, -0.000570, 0.003410, -0.002003
1763763113.398728, -0.037559, 0.021398, -9.810391, -0.003438, 0.004436, -0.001616
1763763113.408734, -0.055366, 0.029329, -9.751883, -0.003249, 0.001901, -0.003695
1763763113.418729, -0.041450, 0.027234, -9.792434, -0.005413, 0.003096, -0.001072
1763763113.428740, -0.047734, 0.023493, -9.784953, -0.001646, 0.002943, -0.002653
1763763113.438701, -0.060454, 0.022446, -9.783606, -0.005412, 0.001704, -0.002562
1763763113.448743, -0.042198, 0.032920, -9.771336, -0.002747, 0.003297, -0.000821
1763763113.458732, -0.047435, 0.019453, -9.822811, -0.002809, 0.003115, -0.002529
1763763113.468730, -0.051924, 0.020051, -9.768941, -0.004643, 0.002969, -0.001656
1763763113.478732, -0.055665, 0.046238, -9.759215, -0.001031, 0.002137, -0.002281
1763763113.488463, -0.041150, 0.020800, -9.787945, -0.004028, 0.001879, -0.002509
1763763113.498742, -0.031125, 0.015113, -9.795278, -0.002940, 0.002542, -0.000867
1763763113.508740, -0.058059, 0.016161, -9.780314, -0.003433, 0.002727, -0.004541
1763763113.518733, -0.043993, 0.039055, -9.758018, -0.003540, 0.003402, -0.001632
1763763113.528734, -0.049530, 0.015562, -9.809044, -0.002084, 0.002805, -0.001743
1763763113.538731, -0.049081, 0.022296, -9.782858, -0.004177, 0.003468, -0.001208
1763763113.548736, -0.054767, 0.028730, -9.767295, -0.001136, 0.003205, -0.001729
1763763113.558119, -0.040552, 0.023792, -9.798420, -0.003496, 0.002996, -0.003353
1763763113.568731, -0.045490, 0.026037, -9.783307, -0.002708, 0.003534, -0.001981
1763763113.578732, -0.064045, 0.014365, -9.786898, -0.003377, 0.001361, -0.002734
1763763113.588731, -0.054019, 0.014964, -9.777022, -0.002969, 0.002655, -0.003168
1763763113.598733, -0.047585, 0.011672, -9.810541, -0.002539, 0.003070, -0.002034
1763763113.608744, -0.051326, 0.016460, -9.763105, -0.002870, 0.002651, -0.002730
1763763113.618732, -0.048483, 0.027533, -9.753229, -0.002986, 0.002863, -0.004257
1763763113.628737, -0.034417, 0.014365, -9.776274, -0.005184, 0.002155, -0.003258
1763763113.638736, -0.061950, 0.029628, -9.787646, -0.003014, 0.002298, -0.003423
1763763113.648733, -0.048483, 0.015413, -9.769241, -0.002979, 0.003477, -0.003254
1763763113.658625, -0.038307, 0.009128, -9.775076, -0.002525, 0.003546, -0.002269
1763763113.668740, -0.046986, 0.029928, -9.782558, -0.002566, 0.003955, -0.001760
1763763113.678736, -0.040253, 0.024241, -9.745897, -0.002079, 0.002863, -0.002690
1763763113.688732, -0.051176, 0.018705, -9.788095, -0.002355, 0.002951, -0.002018
1763763113.698735, -0.035614, 0.026037, -9.788693, -0.003524, 0.002828, -0.001381
1763763113.708748, -0.056114, 0.021997, -9.772832, -0.002630, 0.003014, -0.002590
1763763113.718732, -0.043545, 0.026486, -9.778518, -0.001593, 0.001464, -0.002927
1763763113.728737, -0.043993, 0.031125, -9.774777, -0.001961, 0.004520, -0.002427
1763763113.738740, -0.055665, 0.017059, -9.806351, -0.004202, 0.003753, -0.002262
1763763113.748741, -0.058957, 0.021548, -9.757419, -0.002629, 0.002473, -0.002945
1763763113.757938, -0.061950, 0.028282, -9.797672, -0.002629, 0.002473, -0.002945
1763763113.768734, -0.044442, 0.032920, -9.790639, -0.002048, 0.004099, -0.002920
1763763113.778742, -0.051924, 0.019453, -9.780763, -0.004011, 0.003564, -0.003192
1763763113.788734, -0.044442, 0.012869, -9.771336, -0.001524, 0.003095, -0.002144
1763763113.798736, -0.060903, 0.025139, -9.780015, -0.004394, 0.002498, -0.004566
1763763113.808746, -0.040701, 0.027084, -9.801562, -0.001643, 0.003582, -0.003373
1763763113.818736, -0.048483, 0.024690, -9.758317, -0.002805, 0.001568, -0.002579
1763763113.828734, -0.045789, 0.025738, -9.789591, -0.001735, 0.004721, -0.001920
1763763113.838733, -0.047435, 0.023792, -9.781810, -0.002792, 0.002682, -0.002580
1763763113.848737, -0.054917, 0.027533, -9.781212, -0.005062, 0.002735, -0.001347
1763763113.858735, -0.045191, 0.030376, -9.742007, -0.001869, 0.002943, -0.001584
1763763113.868743, -0.051625, 0.021398, -9.790639, -0.003783, 0.003400, -0.002253
1763763113.878749, -0.046238, 0.019902, -9.780015, -0.003192, 0.003393, -0.001569
1763763113.888736, -0.049530, 0.025887, -9.756521, -0.002435, 0.002089, -0.003662
1763763113.898738, -0.045639, 0.014664, -9.790639, -0.002635, 0.003798, -0.002591
1763763113.908735, -0.052523, 0.016011, -9.778817, -0.004773, 0.003129, -0.002046
1763763113.918736, -0.063746, 0.031723, -9.787646, -0.003009, 0.003686, -0.002856
1763763113.928736, -0.033818, 0.025289, -9.758018, -0.001603, 0.003915, -0.001518
1763763113.938737, -0.055366, 0.024541, -9.796924, -0.006009, 0.002282, -0.002842
1763763113.948748, -0.051176, 0.027533, -9.780164, -0.003440, 0.002854, -0.001590
1763763113.958737, -0.053570, 0.028730, -9.748291, -0.003133, 0.004536, -0.003292
1763763113.968738, -0.047585, 0.005686, -9.800814, -0.001811, 0.004300, -0.003073
1763763113.978758, -0.055516, 0.016759, -9.777920, -0.002083, 0.002980, -0.002453
1763763113.988738, -0.060304, 0.031723, -9.774777, -0.004833, 0.003215, -0.002213
1763763113.998738, -0.037409, 0.020051, -9.761310, -0.002317, 0.002965, -0.001848
1763763114.008739, -0.057012, 0.025438, -9.813384, -0.003884, 0.002719, -0.002717
1763763114.018736, -0.053570, 0.032471, -9.766098, -0.001497, 0.002537, -0.002298
1763763114.028748, -0.057910, 0.031274, -9.750536, -0.003037, 0.003528, -0.002186
1763763114.038738, -0.037409, 0.011522, -9.805752, -0.004329, 0.003021, -0.003904
1763763114.048749, -0.060753, 0.029778, -9.765051, -0.003660, 0.003505, -0.002000
1763763114.058740, -0.062249, 0.025738, -9.783606, -0.001589, 0.002472, -0.002323
1763763114.068745, -0.038307, 0.031125, -9.772682, -0.003267, 0.003394, -0.002629
1763763114.078740, -0.053121, 0.018256, -9.799467, -0.003596, 0.002102, -0.003479
1763763114.088749, -0.050578, 0.019902, -9.752930, -0.002011, 0.004075, -0.001761
1763763114.098750, -0.055964, 0.022146, -9.774628, -0.004648, 0.003762, -0.001992
1763763114.108745, -0.049380, 0.022446, -9.787047, -0.002901, 0.002631, -0.003079
1763763114.118744, -0.060005, 0.029928, -9.794230, -0.002612, 0.003068, -0.001348
1763763114.128740, -0.046537, 0.016310, -9.771784, -0.002444, 0.002735, -0.000393
1763763114.138739, -0.038008, 0.027533, -9.782708, -0.002826, 0.003695, -0.002970
1763763114.148397, -0.058059, 0.013767, -9.798420, -0.005221, 0.002818, -0.002611
1763763114.158737, -0.054468, 0.019453, -9.739762, -0.002047, 0.002111, -0.003009
1763763114.168744, -0.045340, 0.027982, -9.803657, -0.002439, 0.003577, -0.003908
1763763114.178738, -0.039355, 0.016011, -9.775226, -0.002907, 0.003597, -0.001429
1763763114.188744, -0.066738, 0.030227, -9.766397, -0.003762, 0.002551, -0.001931
1763763114.198739, -0.054917, 0.020051, -9.769690, -0.001549, 0.003336, -0.001336
1763763114.208737, -0.042198, 0.013767, -9.781960, -0.005493, 0.002658, -0.004108
1763763114.218740, -0.056713, 0.033369, -9.808446, -0.002720, 0.003801, -0.001775
1763763114.228737, -0.054618, 0.027833, -9.760711, -0.003073, 0.002370, -0.002579
1763763114.238737, -0.047136, 0.020351, -9.804854, -0.003650, 0.003588, -0.002994
1763763114.248768, -0.046986, 0.027533, -9.779416, -0.001605, 0.002344, -0.002236
1763763114.258746, -0.055067, 0.027683, -9.785850, -0.003073, 0.002763, -0.002507
1763763114.268745, -0.040552, 0.030975, -9.766248, -0.003871, 0.002839, -0.001617
1763763114.278750, -0.052672, 0.018705, -9.777920, -0.003939, 0.003091, -0.002624
1763763114.288760, -0.043245, 0.026935, -9.784055, -0.003188, 0.003149, -0.001807
1763763114.298742, -0.046088, 0.036063, -9.741109, -0.003054, 0.002335, -0.001955
1763763114.308740, -0.052822, 0.018405, -9.788993, -0.004026, 0.001581, -0.002623
1763763114.318743, -0.044592, 0.024092, -9.778219, -0.002727, 0.003307, -0.002086
1763763114.328740, -0.055516, 0.018705, -9.772682, -0.002923, 0.001777, -0.002770
1763763114.338740, -0.049231, 0.030227, -9.772233, -0.003920, 0.002750, -0.002240
1763763114.348740, -0.058658, 0.033519, -9.786898, -0.003773, 0.003563, -0.002975
1763763114.358754, -0.055665, 0.031574, -9.791237, -0.004256, 0.003134, -0.003074
1763763114.368742, -0.051026, 0.013318, -9.761908, -0.002247, 0.001950, -0.002596
1763763114.378744, -0.035913, 0.023643, -9.786150, -0.003415, 0.002631, -0.001957
1763763114.388743, -0.051924, 0.023194, -9.774029, -0.003070, 0.002336, -0.001767
1763763114.398743, -0.060304, 0.030376, -9.764452, -0.003743, 0.003035, -0.002889
1763763114.408754, -0.041749, 0.023493, -9.775376, -0.003152, 0.002793, -0.003322
1763763114.418746, -0.058059, 0.023194, -9.801113, -0.004840, 0.002953, -0.003710
1763763114.428743, -0.054318, 0.019902, -9.760711, 0.000029, 0.003788, -0.001464
1763763114.438705, -0.059107, 0.029628, -9.771485, -0.002551, 0.003835, -0.004874
1763763114.448748, -0.035763, 0.029479, -9.793033, -0.003890, 0.004003, -0.003169
1763763114.458752, -0.053271, 0.023493, -9.777022, -0.003380, 0.001778, -0.001556
1763763114.467788, -0.060304, 0.016759, -9.792434, -0.001621, 0.001984, -0.000538
1763763114.478744, -0.029329, 0.011372, -9.759664, -0.002784, 0.002866, -0.001307
1763763114.488743, -0.044592, 0.029928, -9.813234, -0.004392, 0.001885, -0.002606
1763763114.498749, -0.046837, 0.033968, -9.768941, -0.000670, 0.003650, -0.003343
1763763114.508747, -0.051326, 0.022745, -9.758616, -0.005702, 0.003650, -0.003221
1763763114.518082, -0.051775, 0.012270, -9.806351, -0.003599, 0.003988, -0.000456
1763763114.528752, -0.046986, 0.025139, -9.765500, -0.001927, 0.002929, -0.003568
1763763114.538768, -0.056114, 0.020800, -9.798570, -0.001894, 0.003247, -0.003124
1763763114.548746, -0.051775, 0.025289, -9.769390, -0.002774, 0.003100, -0.002050
1763763114.558756, -0.047435, 0.024092, -9.787197, -0.003047, 0.001672, -0.002294
1763763114.568744, -0.044891, 0.032322, -9.759813, -0.003068, 0.003717, -0.002670
1763763114.578749, -0.043844, 0.030825, -9.790938, -0.003145, 0.004411, -0.003947
1763763114.588744, -0.039504, 0.021548, -9.787796, -0.002236, 0.002922, -0.001523
1763763114.598753, -0.071676, 0.030227, -9.785850, -0.003480, 0.002352, -0.002148
1763763114.608757, -0.050578, 0.022895, -9.763105, -0.002319, 0.003067, -0.003716
1763763114.618750, -0.046986, 0.027683, -9.789741, -0.003614, 0.003255, -0.002461
1763763114.628755, -0.051176, 0.020201, -9.784354, -0.003704, 0.001932, -0.002302
1763763114.638745, -0.050877, 0.034417, -9.742904, -0.000836, 0.003340, -0.001629
1763763114.648755, -0.051625, 0.031424, -9.812336, -0.003395, 0.002686, -0.004027
1763763114.658749, -0.045191, 0.019453, -9.782858, -0.002790, 0.003112, -0.001706
1763763114.668747, -0.056114, 0.029030, -9.748142, -0.003320, 0.002353, -0.001096
1763763114.678756, -0.048034, 0.024840, -9.795128, -0.002841, 0.003372, -0.003190
1763763114.688755, -0.039055, 0.014515, -9.781810, -0.001483, 0.003309, -0.002769
1763763114.698755, -0.048782, 0.020949, -9.802311, -0.004927, 0.003160, -0.003188
1763763114.708747, -0.038307, 0.024391, -9.755175, -0.001276, 0.002541, -0.002005
1763763114.718745, -0.050578, 0.019752, -9.794080, -0.005677, 0.001681, -0.002306
1763763114.728758, -0.053421, 0.034566, -9.785701, -0.001205, 0.002590, -0.001826
1763763114.738754, -0.050428, 0.026336, -9.769839, -0.003526, 0.003629, -0.001191
1763763114.748755, -0.031574, 0.020650, -9.792734, -0.003789, 0.001883, -0.002373
1763763114.758762, -0.053271, 0.038906, -9.787796, -0.005006, 0.002694, -0.000872
1763763114.768747, -0.045789, 0.023044, -9.784204, -0.003455, 0.003116, -0.001181
1763763114.778762, -0.056713, 0.024989, -9.749040, -0.000612, 0.003793, -0.002768
1763763114.788748, -0.055366, 0.028132, -9.797672, -0.004503, 0.002616, -0.002772
1763763114.798748, -0.047884, 0.025887, -9.778368, -0.002494, 0.003308, -0.001981
1763763114.808749, -0.056563, 0.014216, -9.756970, -0.005063, 0.003940, -0.003587
1763763114.818747, -0.039055, 0.012270, -9.785701, -0.002182, 0.002841, -0.002209
1763763114.828747, -0.058957, 0.025738, -9.789741, -0.004297, 0.003189, -0.002913
1763763114.838772, -0.059855, 0.013767, -9.771485, -0.002170, 0.002642, -0.003172
1763763114.848748, -0.056264, 0.015862, -9.775076, -0.003453, 0.002960, -0.001970
1763763114.858755, -0.053570, 0.020201, -9.817574, -0.002448, 0.004090, -0.003997
1763763114.868748, -0.047435, 0.029778, -9.745299, -0.003922, 0.002212, -0.001675
1763763114.878755, -0.055216, 0.025438, -9.781511, -0.002508, 0.002430, -0.002336
1763763114.888769, -0.045639, 0.013318, -9.781361, -0.002260, 0.000949, -0.002371
1763763114.898750, -0.062549, 0.021847, -9.798869, -0.004075, 0.003010, -0.002110
1763763114.908747, -0.048183, 0.014066, -9.773131, -0.002508, 0.001881, -0.000560
1763763114.918748, -0.052972, 0.031723, -9.773580, -0.004992, 0.002819, -0.001910
1763763114.928770, -0.045639, 0.023643, -9.795427, -0.003188, 0.004402, -0.002343
1763763114.938749, -0.062249, 0.029778, -9.775076, -0.003809, 0.003710, -0.003547
1763763114.948749, -0.051475, 0.020800, -9.778817, -0.002669, 0.002111, -0.001558
1763763114.958750, -0.040851, 0.025289, -9.775226, -0.003118, 0.002764, -0.003225
1763763114.968772, -0.045789, 0.025887, -9.800216, -0.003131, 0.003302, -0.003042
1763763114.978755, -0.046388, 0.023792, -9.756821, -0.003487, 0.001911, -0.002677
1763763114.988748, -0.048782, 0.026935, -9.768043, -0.003938, 0.003512, -0.003018
1763763114.998748, -0.039205, 0.015413, -9.809942, -0.004097, 0.002997, -0.001755
1763763115.008753, -0.057910, 0.034716, -9.772233, -0.001494, 0.003375, -0.002268
1763763115.018769, -0.045639, 0.024690, -9.779865, -0.003346, 0.002536, -0.003185
1763763115.028750, -0.037709, 0.024840, -9.783755, -0.003205, 0.002899, -0.002495
1763763115.038749, -0.051176, 0.014365, -9.790340, -0.003576, 0.001978, -0.001964
1763763115.048757, -0.045041, 0.026187, -9.767894, -0.003025, 0.002189, -0.002653
1763763115.058760, -0.047884, 0.020500, -9.800216, -0.003438, 0.003717, -0.002643
1763763115.068761, -0.043993, 0.020949, -9.780015, -0.003561, 0.002879, -0.002416
1763763115.078751, -0.052972, 0.035763, -9.745897, -0.003418, 0.002894, -0.002241
1763763115.088751, -0.052672, 0.023044, -9.785102, -0.003083, 0.002634, -0.002371
1763763115.098753, -0.043395, 0.015413, -9.758916, -0.002377, 0.003027, -0.001396
1763763115.108760, -0.049530, 0.015263, -9.775675, -0.003293, 0.002495, -0.002604
1763763115.118754, -0.055067, 0.031274, -9.755923, -0.001595, 0.004039, -0.003457
1763763115.128758, -0.043395, 0.034417, -9.782558, -0.003321, 0.000557, -0.001533
1763763115.138753, -0.047285, 0.017957, -9.794978, -0.003691, 0.004916, -0.001501
1763763115.148751, -0.064943, 0.022895, -9.745149, -0.001396, 0.002545, -0.002805
1763763115.158753, -0.043096, 0.034267, -9.799018, -0.003933, 0.002828, -0.002166
1763763115.168754, -0.037110, 0.027384, -9.793781, -0.003157, 0.001344, -0.002552
1763763115.178757, -0.062698, 0.030376, -9.778219, -0.003516, 0.002846, -0.003208
1763763115.188752, -0.044442, 0.027982, -9.774029, -0.003086, 0.003234, -0.003467
1763763115.198749, -0.053870, 0.031873, -9.765051, -0.003584, 0.003594, -0.002848
1763763115.208752, -0.053870, 0.031873, -9.765051, -0.001717, 0.002922, -0.003129
1763763115.218754, -0.033668, 0.029030, -9.781661, -0.003082, 0.001431, -0.001872
1763763115.228750, -0.042198, 0.029030, -9.798121, -0.002549, 0.002548, -0.003324
1763763115.238754, -0.058359, 0.024840, -9.767744, -0.003939, 0.003411, -0.002978
1763763115.248762, -0.044293, 0.021697, -9.758766, -0.001560, 0.002179, -0.002407
1763763115.258754, -0.040851, 0.013617, -9.822063, -0.000909, 0.003208, -0.002848
1763763115.268704, -0.046388, 0.021249, -9.752780, -0.004363, 0.003662, -0.002815
1763763115.278765, -0.050727, 0.031274, -9.771485, -0.001812, 0.002148, -0.001330
1763763115.288762, -0.046837, 0.017358, -9.802460, -0.003311, 0.002455, -0.001565
1763763115.298756, -0.045939, 0.021398, -9.779715, -0.002540, 0.003741, -0.002230
1763763115.308754, -0.055067, 0.019752, -9.781511, -0.002985, 0.003884, -0.001960
1763763115.318756, -0.050129, 0.021249, -9.766996, -0.003297, 0.002777, -0.005180
1763763115.328756, -0.053570, 0.025738, -9.800664, -0.002929, 0.004071, -0.001653
1763763115.338755, -0.045490, 0.021997, -9.761759, -0.004903, 0.003446, -0.001877
1763763115.348757, -0.037559, 0.023343, -9.774777, -0.001145, 0.001957, -0.002441
1763763115.358763, -0.039355, 0.018405, -9.798121, -0.003401, 0.003083, -0.002893
1763763115.368756, -0.031125, 0.017657, -9.781511, -0.003399, 0.002957, -0.003210
1763763115.378757, -0.048483, 0.026187, -9.754277, -0.003775, 0.001802, -0.002447
1763763115.388755, -0.057760, 0.029628, -9.779416, -0.001600, 0.003311, -0.004557
1763763115.398756, -0.049081, 0.023343, -9.796475, -0.004368, 0.002417, -0.003035
1763763115.408755, -0.029628, 0.018405, -9.771186, -0.003123, 0.002796, -0.000876
1763763115.418761, -0.039804, 0.019603, -9.784055, -0.002998, 0.002509, -0.002783
1763763115.428755, -0.035614, 0.026187, -9.767744, -0.004267, 0.003349, -0.001404
1763763115.438719, -0.058059, 0.025588, -9.766098, -0.002598, 0.003855, -0.001847
1763763115.448758, -0.050129, 0.015712, -9.766397, -0.003470, 0.003082, -0.001834
1763763115.458754, -0.048333, 0.025438, -9.774777, -0.001617, 0.002700, -0.003880
1763763115.468758, -0.044143, 0.023194, -9.799617, -0.003659, 0.001588, -0.002696
1763763115.478760, -0.046388, 0.025289, -9.755773, -0.004472, 0.002988, -0.001353
1763763115.488758, -0.063147, 0.026187, -9.796774, -0.002448, 0.002767, -0.003658
1763763115.498768, -0.041450, 0.017957, -9.793781, -0.005935, 0.003197, -0.001306
1763763115.508763, -0.052972, 0.039654, -9.784204, -0.002489, 0.002801, 0.000091
1763763115.518757, -0.049530, 0.024840, -9.773430, -0.004974, 0.002094, -0.002286
1763763115.528758, -0.054019, 0.030825, -9.789442, -0.001988, 0.002997, -0.002325
1763763115.538759, -0.060304, 0.022595, -9.788843, -0.004506, 0.002738, -0.003998
1763763115.548764, -0.054318, 0.032172, -9.752032, -0.001515, 0.002818, -0.002851
1763763115.558759, -0.045191, 0.021697, -9.795128, -0.002148, 0.000532, -0.003610
1763763115.568761, -0.046088, 0.024541, -9.784653, -0.003491, 0.002643, -0.001868
1763763115.578761, -0.060005, 0.033519, -9.788693, -0.002164, 0.002262, -0.002545
1763763115.588760, -0.046088, 0.017957, -9.756372, -0.003249, 0.002502, -0.001746
1763763115.598774, -0.036960, 0.018405, -9.801263, -0.001190, 0.001948, -0.001824
1763763115.608765, -0.061052, 0.026336, -9.790938, -0.003383, 0.002500, -0.002652
1763763115.618758, -0.049979, 0.029778, -9.756072, -0.002754, 0.003442, -0.003356
1763763115.628763, -0.047734, 0.016909, -9.801413, -0.002212, 0.003312, -0.002133
1763763115.638751, -0.045789, 0.019603, -9.772832, -0.004011, 0.002773, -0.003123
1763763115.648760, -0.060753, 0.031424, -9.793632, -0.002770, 0.002098, -0.002023
1763763115.658760, -0.038457, 0.016161, -9.761310, -0.004682, 0.002118, -0.001532
1763763115.668050, -0.042347, 0.021697, -9.798121, -0.001160, 0.003320, -0.001533
1763763115.678772, -0.049081, 0.024690, -9.774927, -0.004192, 0.003148, -0.001776
1763763115.688768, -0.056862, 0.027533, -9.752631, -0.002249, 0.003341, -0.001993
1763763115.698780, -0.039355, 0.019752, -9.796475, -0.004074, 0.002691, -0.003613
1763763115.708770, -0.043545, 0.022446, -9.785252, -0.003386, 0.002563, -0.001717
1763763115.718748, -0.054318, 0.014365, -9.764751, -0.002554, 0.003382, -0.000576
1763763115.728758, -0.035464, 0.011821, -9.757569, -0.002732, 0.001338, -0.003479
1763763115.738750, -0.052523, 0.031873, -9.816227, -0.002232, 0.003995, -0.002333
1763763115.748753, -0.039055, 0.022446, -9.752182, 0.000610, 0.002617, -0.000685
1763763115.758563, -0.047435, 0.015413, -9.780613, -0.003323, 0.003380, -0.004113
1763763115.768762, -0.041001, 0.022446, -9.804106, -0.002396, 0.004134, -0.001002
1763763115.778761, -0.050877, 0.035314, -9.768343, -0.002060, 0.003284, -0.003405
1763763115.788762, -0.044442, 0.021099, -9.791686, -0.004876, 0.002562, -0.003800
1763763115.798764, -0.048483, 0.014664, -9.759813, -0.000998, 0.002040, -0.001302
1763763115.808763, -0.055665, 0.020351, -9.791986, -0.004672, 0.002716, -0.002409
1763763115.818762, -0.036661, 0.031274, -9.779117, -0.002401, 0.002490, -0.001454
1763763115.828761, -0.057162, 0.026187, -9.784653, -0.003272, 0.002230, -0.002018
1763763115.838763, -0.039205, 0.019752, -9.777471, -0.002571, 0.002684, -0.003123
1763763115.848764, -0.053271, 0.017208, -9.788544, -0.002159, 0.003747, -0.003236
1763763115.858763, -0.040402, 0.026785, -9.764602, -0.002117, 0.004066, -0.002297
1763763115.868761, -0.047884, 0.019752, -9.773580, -0.002853, 0.002472, -0.002531
1763763115.878764, -0.050428, 0.032322, -9.789591, -0.003974, 0.003022, -0.001902
1763763115.888763, -0.048483, 0.030376, -9.747842, -0.003551, 0.002218, -0.001313
1763763115.898762, -0.045639, 0.040253, -9.773730, -0.002366, 0.003438, -0.002797
1763763115.908764, -0.044742, 0.027084, -9.788245, -0.003821, 0.003493, -0.001492
1763763115.918763, -0.056862, 0.019603, -9.768343, -0.002527, 0.002679, -0.001207
1763763115.928763, -0.044742, 0.015712, -9.768941, -0.002553, 0.003389, -0.001545
1763763115.938761, -0.040103, 0.034117, -9.783157, -0.002638, 0.002742, -0.001994
1763763115.948764, -0.043694, 0.022745, -9.781960, -0.003177, 0.002771, -0.002122
1763763115.958764, -0.048034, 0.037709, -9.760562, -0.001959, 0.003735, -0.002607
1763763115.968766, -0.034716, 0.021548, -9.783007, -0.003699, 0.003444, -0.002108
1763763115.978782, -0.049979, 0.022296, -9.782858, -0.002517, 0.003286, -0.002682
1763763115.988766, -0.048632, 0.025438, -9.794380, -0.002999, 0.002494, -0.003697
1763763115.998774, -0.050428, 0.036063, -9.742156, -0.001133, 0.003078, -0.003374
1763763116.008780, -0.040253, 0.019004, -9.806650, -0.003786, 0.001816, -0.003369
1763763116.018765, -0.056862, 0.021847, -9.805154, -0.002618, 0.003500, -0.000169
1763763116.028764, -0.057311, 0.026785, -9.744101, -0.001750, 0.001635, -0.003513
1763763116.038765, -0.042796, 0.029179, -9.799916, -0.005170, 0.003758, -0.004586
1763763116.048764, -0.032920, 0.024391, -9.787945, -0.003808, 0.002580, -0.003567
1763763116.058780, -0.073322, 0.039953, -9.779266, -0.002810, 0.002923, -0.003463
1763763116.068758, -0.054618, 0.019154, -9.765200, -0.002879, 0.004100, -0.000867
1763763116.078774, -0.043245, 0.011821, -9.797073, -0.004326, 0.001424, -0.004552
1763763116.088523, -0.071676, 0.018854, -9.793931, -0.003673, 0.002269, -0.002558
1763763116.098767, -0.047585, 0.009427, -9.748890, -0.003189, 0.002651, -0.003691
1763763116.108783, -0.044742, 0.021249, -9.797223, -0.004531, 0.003188, -0.002790
1763763116.118764, -0.045041, 0.019603, -9.779117, -0.001969, 0.002931, -0.001574
1763763116.128764, -0.050278, 0.024541, -9.788245, -0.002843, 0.003756, -0.002400
1763763116.138763, -0.039804, 0.020949, -9.777770, -0.003281, 0.002500, -0.001388
1763763116.148780, -0.042497, 0.025588, -9.779566, -0.005435, 0.003098, -0.004176
1763763116.158765, -0.048931, 0.036212, -9.774777, -0.002494, 0.003881, -0.001736
1763763116.168764, -0.043395, 0.033220, -9.776274, -0.001966, 0.002370, -0.002260
1763763116.178766, -0.043844, 0.022895, -9.780763, -0.003736, 0.003756, -0.002238
1763763116.188791, -0.051775, 0.017807, -9.776722, -0.003259, 0.003398, -0.003953
1763763116.198764, -0.058808, 0.028132, -9.805603, -0.003095, 0.002900, -0.000862
1763763116.208765, -0.025588, 0.015263, -9.770138, -0.001695, 0.003415, -0.001902
1763763116.218767, -0.060454, 0.019902, -9.804555, -0.004995, 0.003869, -0.001491
1763763116.228766, -0.043545, 0.025887, -9.769390, -0.001799, 0.002549, -0.002483
1763763116.238790, -0.055665, 0.027084, -9.764452, -0.004210, 0.003915, -0.002082
1763763116.248777, -0.062100, 0.025738, -9.802161, -0.002075, 0.003612, -0.003291
1763763116.258769, -0.050727, 0.034566, -9.758317, -0.001700, 0.003997, -0.002882
1763763116.268772, -0.053271, 0.024092, -9.783456, -0.003828, 0.003314, -0.002462
1763763116.278769, -0.042347, 0.028581, -9.761011, -0.002549, 0.001989, -0.001948
1763763116.288771, -0.052822, 0.023493, -9.794679, -0.004710, 0.003842, -0.002695
1763763116.298774, -0.038457, 0.019303, -9.783905, -0.002328, 0.002277, -0.002630
1763763116.308776, -0.043245, 0.026635, -9.770587, -0.004013, 0.004624, -0.003068
1763763116.318456, -0.046687, 0.021548, -9.790190, -0.002223, 0.002969, -0.001773
1763763116.328499, -0.052523, 0.026037, -9.776124, -0.002675, 0.003100, -0.002191
1763763116.338165, -0.044143, 0.018256, -9.762208, -0.001419, 0.002897, -0.001239
1763763116.348790, -0.053570, 0.030975, -9.796475, -0.004137, 0.002762, -0.003313
1763763116.358782, -0.057760, 0.028730, -9.774478, -0.006167, 0.002240, -0.002156
1763763116.368343, -0.041450, 0.026336, -9.743353, -0.002127, 0.003851, -0.001391
1763763116.378700, -0.047136, 0.007931, -9.808446, -0.003267, 0.003249, -0.001955
1763763116.388773, -0.052523, 0.028581, -9.776722, -0.001704, 0.002313, -0.002296
1763763116.398769, -0.048632, 0.015263, -9.766697, -0.004577, 0.003498, -0.001446
1763763116.408779, -0.049380, 0.024840, -9.773879, -0.004416, 0.003037, -0.002925
1763763116.418775, -0.052523, 0.028282, -9.768492, -0.002312, 0.003610, -0.002340
1763763116.428778, -0.043993, 0.034117, -9.789142, -0.001658, 0.002547, -0.003355
1763763116.438740, -0.043245, 0.025887, -9.763255, -0.002954, 0.004262, -0.002105
1763763116.447869, -0.055067, 0.024690, -9.793632, -0.002600, 0.003055, -0.001059
1763763116.458770, -0.051176, 0.009427, -9.766697, -0.002994, 0.004135, -0.002366
1763763116.468771, -0.057760, 0.033668, -9.782558, -0.003899, 0.002665, -0.002675
1763763116.478770, -0.031125, 0.018405, -9.781361, -0.000523, 0.004483, -0.002052
1763763116.488770, -0.037858, 0.011971, -9.793482, -0.004030, 0.002842, -0.001543
1763763116.498777, -0.049979, 0.027833, -9.785102, -0.003795, 0.003102, -0.002382
1763763116.508770, -0.041450, 0.027234, -9.757569, -0.003114, 0.002777, -0.001033
1763763116.518781, -0.054019, 0.018555, -9.796624, -0.003765, 0.002388, -0.002944
1763763116.528768, -0.039654, 0.020051, -9.759365, -0.000225, 0.000911, -0.001651
1763763116.538770, -0.053271, 0.026935, -9.778668, -0.003949, 0.002940, -0.002410
1763763116.548782, -0.043993, 0.027084, -9.792434, -0.001156, 0.003659, -0.003120
1763763116.558773, -0.058508, 0.027533, -9.782409, -0.004545, 0.002735, -0.001414
1763763116.568773, -0.055516, 0.026486, -9.774029, -0.002766, 0.004353, -0.001270
1763763116.578776, -0.041599, 0.029329, -9.753379, -0.000141, 0.001679, -0.001875
1763763116.588787, -0.043395, 0.013916, -9.804854, -0.004116, 0.002989, -0.001000
1763763116.598783, -0.044442, 0.027533, -9.756072, -0.001487, 0.003056, -0.003092
1763763116.608770, -0.057610, 0.033968, -9.779715, -0.004770, 0.003255, -0.002752
1763763116.618777, -0.041749, 0.010026, -9.763704, -0.002285, 0.002844, -0.002494
1763763116.628780, -0.050578, 0.033519, -9.789292, -0.003613, 0.001756, -0.003021
1763763116.638774, -0.049530, 0.027234, -9.770737, -0.001321, 0.003026, -0.002151
1763763116.648773, -0.053870, 0.006734, -9.783905, -0.005062, 0.003320, -0.002800
1763763116.658776, -0.042198, 0.030975, -9.794230, -0.002116, 0.003492, -0.002144
1763763116.668771, -0.057012, 0.024690, -9.774029, -0.003203, 0.002210, -0.001939
1763763116.678774, -0.054468, 0.011672, -9.785401, -0.002230, 0.004250, -0.002092
1763763116.688803, -0.038607, 0.005686, -9.779865, -0.002017, 0.004076, -0.002318
1763763116.698773, -0.049829, 0.024092, -9.798570, -0.005651, 0.002136, -0.002298
1763763116.708785, -0.050727, 0.016161, -9.739912, -0.000958, 0.002663, -0.002146
1763763116.718780, -0.039504, 0.028282, -9.779865, -0.004245, 0.002374, -0.001128
1763763116.728790, -0.062100, 0.019154, -9.794230, -0.003382, 0.001068, -0.001907
1763763116.738728, -0.043844, 0.022895, -9.748890, -0.002246, 0.003130, -0.004008
1763763116.748781, -0.045939, 0.025738, -9.779266, -0.001949, 0.002871, -0.003063
1763763116.758777, -0.043245, 0.021398, -9.788394, -0.002500, 0.003050, -0.002995
1763763116.768774, -0.053870, 0.026486, -9.777022, -0.003165, 0.003353, -0.003490
1763763116.778807, -0.054169, 0.027084, -9.767146, -0.002990, 0.003468, -0.002139
1763763116.788776, -0.048333, 0.030376, -9.793482, -0.001113, 0.002593, -0.002315
1763763116.798775, -0.039953, 0.022595, -9.788843, -0.001830, 0.002305, -0.002733
1763763116.808775, -0.063147, 0.022895, -9.781810, -0.003100, 0.003915, -0.002112
1763763116.818772, -0.034417, 0.029778, -9.774927, -0.003022, 0.001798, -0.002264
1763763116.828776, -0.057311, 0.025289, -9.769839, -0.003028, 0.003063, -0.002417
1763763116.838776, -0.049081, 0.024241, -9.777770, -0.002879, 0.001936, -0.003073
1763763116.848782, -0.039055, 0.023194, -9.764602, -0.000281, 0.003629, -0.001717
1763763116.858784, -0.043993, 0.030825, -9.792584, -0.003451, 0.003360, -0.001858
1763763116.868806, -0.056713, 0.029030, -9.762058, -0.002092, 0.003000, -0.001874
1763763116.878785, -0.042198, 0.027084, -9.764452, -0.002677, 0.003181, -0.004046
1763763116.888776, -0.043993, 0.028282, -9.802759, -0.002628, 0.003311, -0.002402
1763763116.898776, -0.024241, 0.022146, -9.762357, -0.002120, 0.002877, -0.001376
1763763116.908807, -0.060005, 0.031723, -9.793632, -0.003709, 0.003532, -0.002872
1763763116.918775, -0.034117, 0.031873, -9.773281, -0.002076, 0.002147, -0.002797
1763763116.928781, -0.054468, 0.039355, -9.784953, -0.003994, 0.002856, -0.003528
1763763116.938802, -0.057461, 0.035763, -9.771784, -0.000478, 0.002097, -0.000541
1763763116.948777, -0.055216, 0.020351, -9.781810, -0.004469, 0.002964, -0.004151
1763763116.958774, -0.036362, 0.025738, -9.790489, -0.002841, 0.003178, -0.001523
1763763116.968772, -0.053720, 0.029179, -9.782558, -0.003883, 0.001755, -0.002836
1763763116.978779, -0.055665, 0.019453, -9.766397, -0.002565, 0.002777, -0.002853
1763763116.988802, -0.051775, 0.017059, -9.774777, -0.003140, 0.003361, -0.002152
1763763116.998777, -0.036811, 0.023194, -9.797971, -0.003824, 0.003053, -0.001754
1763763117.008778, -0.055216, 0.017208, -9.756671, -0.002679, 0.002909, -0.002313
1763763117.018775, -0.052224, 0.029179, -9.794380, -0.005708, 0.002055, -0.002080
1763763117.028805, -0.046388, 0.035913, -9.755324, -0.003014, 0.003046, -0.001195
1763763117.038777, -0.052224, 0.029928, -9.772533, -0.004837, 0.001056, -0.001395
1763763117.048778, -0.054917, 0.024989, -9.800216, -0.002346, 0.003361, -0.002484
1763763117.058776, -0.030526, 0.027982, -9.756222, -0.002208, 0.003488, -0.002444
1763763117.068802, -0.044891, 0.019004, -9.795427, -0.004255, 0.001937, -0.003182
1763763117.078778, -0.049829, 0.023044, -9.758467, -0.003012, 0.003907, -0.002073
1763763117.088777, -0.065541, 0.029329, -9.779715, -0.003914, 0.002749, -0.002320
1763763117.097890, -0.040103, 0.024391, -9.798121, -0.002642, 0.003287, -0.002209
1763763117.108780, -0.044891, 0.018555, -9.801862, -0.004654, 0.002602, -0.001933
1763763117.118779, -0.055964, 0.022595, -9.772383, -0.002494, 0.002031, -0.002740
1763763117.128780, -0.056114, 0.017657, -9.778668, -0.002933, 0.002989, -0.001731
1763763117.138803, -0.053421, 0.003891, -9.805453, -0.003626, 0.003238, -0.002823
1763763117.148779, -0.044891, 0.024241, -9.762806, -0.001072, 0.002191, -0.002429
1763763117.158780, -0.047884, 0.027982, -9.792434, -0.003086, 0.003166, -0.003174
1763763117.168779, -0.046687, 0.010026, -9.798719, -0.001847, 0.002061, -0.000855
1763763117.178788, -0.048483, 0.013318, -9.786000, -0.004566, 0.001999, -0.003008
1763763117.188808, -0.049380, 0.029179, -9.770737, -0.001736, 0.002669, -0.002768
1763763117.198785, -0.042347, 0.027384, -9.772084, -0.003830, 0.002350, -0.000695
1763763117.208780, -0.044891, 0.015113, -9.798719, -0.003740, 0.004101, -0.001971
1763763117.218783, -0.046088, 0.024241, -9.764602, -0.003737, 0.002476, -0.002968
1763763117.228805, -0.051026, 0.032172, -9.791088, -0.003948, 0.003335, -0.002732
1763763117.238780, -0.039953, 0.025438, -9.788095, -0.001884, 0.002853, -0.002151
1763763117.248779, -0.061501, 0.042347, -9.778817, -0.004143, 0.003748, -0.001753
1763763117.258782, -0.045789, 0.024241, -9.767146, -0.001503, 0.002269, -0.002500
1763763117.268804, -0.056862, 0.030227, -9.789142, -0.004641, 0.002255, -0.001611
1763763117.278781, -0.053421, 0.023792, -9.759365, -0.001690, 0.003352, -0.002592
1763763117.288794, -0.051625, 0.015413, -9.754277, -0.002708, 0.003235, -0.002530
1763763117.298806, -0.058957, 0.020949, -9.795278, -0.002484, 0.002599, -0.002112
1763763117.308784, -0.042946, 0.023493, -9.770288, -0.000527, 0.001616, -0.002108
1763763117.318781, -0.050129, 0.037409, -9.769690, -0.003512, 0.002700, -0.001548
1763763117.328806, -0.048931, 0.022146, -9.758167, -0.002376, 0.002477, -0.001223
1763763117.338785, -0.052672, 0.023194, -9.788394, -0.004668, 0.003517, -0.001842
1763763117.348781, -0.059855, 0.026935, -9.774478, -0.003491, 0.004092, -0.003083
1763763117.358792, -0.044143, 0.024690, -9.765200, -0.002700, 0.003658, -0.003332
1763763117.368811, -0.041599, 0.021548, -9.799318, -0.005212, 0.004055, -0.003558
1763763117.378785, -0.048931, 0.030376, -9.769989, -0.002598, 0.001967, -0.002493
1763763117.388782, -0.052523, 0.021997, -9.787646, -0.003780, 0.003199, -0.003098
1763763117.398806, -0.047884, 0.018854, -9.771784, -0.004218, 0.004131, -0.001705
1763763117.408785, -0.053421, 0.024840, -9.787496, -0.003433, 0.001136, -0.002011
1763763117.418781, -0.043245, 0.016161, -9.776423, -0.002562, 0.003825, -0.003845
1763763117.428785, -0.042796, 0.017059, -9.761759, -0.003059, 0.002112, -0.001745
1763763117.438764, -0.040851, 0.020201, -9.791537, -0.002145, 0.002725, -0.003450
1763763117.448784, -0.041300, 0.026187, -9.784204, -0.004880, 0.003119, -0.003903
1763763117.458785, -0.059556, 0.033220, -9.776872, -0.000970, 0.003935, -0.002791
1763763117.468786, -0.037858, 0.017059, -9.768642, -0.001969, 0.002591, -0.003045
1763763117.478810, -0.046088, 0.017208, -9.823858, -0.004132, 0.003933, -0.004449
1763763117.488785, -0.046088, 0.023643, -9.771485, -0.002917, 0.003155, -0.002820
1763763117.498791, -0.060454, 0.017657, -9.764901, -0.004518, 0.001646, -0.001297
1763763117.508786, -0.038307, 0.012719, -9.783007, -0.001650, 0.002856, -0.003363
1763763117.518804, -0.049829, 0.025139, -9.776872, -0.002448, 0.002352, -0.001958
1763763117.528788, -0.049081, 0.018705, -9.771485, -0.003177, 0.003773, -0.002747
1763763117.538784, -0.047884, 0.020051, -9.778518, -0.003076, 0.004424, -0.002093
1763763117.548058, -0.048333, 0.024092, -9.788693, -0.004590, 0.003351, -0.004061
1763763117.558799, -0.052672, 0.032621, -9.763255, -0.001299, 0.002057, -0.002570
1763763117.568784, -0.045939, 0.013467, -9.794829, -0.003432, 0.003357, -0.002358
1763763117.578789, -0.035763, 0.017059, -9.796026, -0.003617, 0.003843, -0.002377
1763763117.588816, -0.058209, 0.021997, -9.771934, -0.003748, 0.002046, -0.001806
1763763117.598793, -0.045939, 0.020800, -9.766996, -0.003948, 0.003356, -0.003012
1763763117.608794, -0.036362, 0.025438, -9.789741, -0.002495, 0.002109, -0.002091
1763763117.618817, -0.049530, 0.018405, -9.805004, -0.004003, 0.003400, -0.001852
1763763117.628797, -0.038008, 0.018256, -9.758317, -0.001801, 0.002624, -0.001624
1763763117.638786, -0.043245, 0.018405, -9.788843, -0.005806, 0.002232, -0.001687
1763763117.648814, -0.046088, 0.009876, -9.775675, -0.003709, 0.002419, -0.003330
1763763117.658789, -0.066439, 0.027234, -9.770737, -0.003604, 0.002557, -0.000528
1763763117.668405, -0.040701, 0.027533, -9.760262, -0.002817, 0.002483, -0.001525
1763763117.678796, -0.043096, 0.030676, -9.775974, -0.003330, 0.002506, -0.002839
1763763117.688782, -0.061052, 0.019603, -9.815329, -0.005011, 0.002754, -0.002015
1763763117.698798, -0.038307, 0.013018, -9.745598, -0.001573, 0.003055, -0.002696
1763763117.708788, -0.053121, 0.025139, -9.785551, -0.004849, 0.002047, -0.004668
1763763117.718788, -0.050727, 0.028282, -9.782409, -0.000089, 0.003045, -0.002014
1763763117.728802, -0.060454, 0.039953, -9.774777, -0.002688, 0.004278, -0.002799
1763763117.738794, -0.041001, 0.015712, -9.783456, -0.002919, 0.002447, -0.003362
1763763117.748789, -0.057461, 0.019453, -9.784953, -0.004088, 0.002493, -0.002429
1763763117.758791, -0.052672, 0.030077, -9.767595, -0.002269, 0.002640, -0.002104
1763763117.768788, -0.059855, 0.026037, -9.766547, -0.002962, 0.003234, -0.002569
1763763117.778817, -0.046088, 0.025438, -9.799318, -0.002503, 0.003975, -0.001719
1763763117.788811, -0.050877, 0.029179, -9.781511, -0.002803, 0.002535, -0.003094
1763763117.798788, -0.060304, 0.014515, -9.788245, -0.003839, 0.002356, -0.002233
1763763117.808800, -0.037409, 0.036362, -9.765350, -0.002059, 0.002881, -0.002642
1763763117.818818, -0.058508, 0.025738, -9.799168, -0.004884, 0.003243, -0.001864
1763763117.828796, -0.053121, 0.018705, -9.786748, -0.003017, 0.001239, -0.003096
1763763117.838789, -0.035015, 0.026486, -9.752930, -0.004075, 0.001095, -0.002447
1763763117.848806, -0.050727, 0.024989, -9.812935, -0.004624, 0.004102, -0.000560
1763763117.858800, -0.043096, 0.018405, -9.760262, -0.002510, 0.001753, -0.001867
1763763117.868822, -0.054318, 0.029628, -9.767744, -0.003039, 0.003209, -0.002659
1763763117.878791, -0.041450, 0.016909, -9.758467, -0.002828, 0.003073, -0.002018
1763763117.888791, -0.062249, 0.016460, -9.798121, -0.003793, 0.003035, -0.002773
1763763117.898559, -0.050278, 0.021249, -9.791537, -0.000933, 0.003617, -0.003991
1763763117.908792, -0.056413, 0.034117, -9.779416, -0.002966, 0.002883, -0.002175
1763763117.918821, -0.055665, 0.014964, -9.804854, -0.003039, 0.003129, -0.002987
1763763117.928789, -0.051775, 0.013318, -9.766098, -0.002914, 0.003192, -0.001945
1763763117.938790, -0.043694, 0.018405, -9.788843, -0.004634, 0.003162, -0.002114
1763763117.948823, -0.046837, 0.027982, -9.770288, -0.003123, 0.002831, -0.001540
1763763117.958792, -0.054019, 0.031274, -9.788394, -0.002472, 0.002391, -0.002294
1763763117.968795, -0.045041, 0.012570, -9.769989, -0.002556, 0.002458, -0.002018
1763763117.978791, -0.064494, 0.018106, -9.781062, -0.005610, 0.002541, -0.003208
1763763117.988821, -0.030526, 0.020351, -9.791686, -0.002637, 0.002829, -0.003747
1763763117.998792, -0.043694, 0.020650, -9.774179, -0.004133, 0.003027, -0.003583
1763763118.008791, -0.046837, 0.021847, -9.790190, -0.002819, 0.003842, -0.003472
1763763118.018819, -0.046238, 0.016610, -9.776573, -0.001784, 0.003374, -0.002507
1763763118.028801, -0.058508, 0.023493, -9.789292, -0.003385, 0.002509, -0.003096
1763763118.038802, -0.049829, 0.011372, -9.761759, -0.000996, 0.002818, -0.004306
1763763118.048791, -0.062549, 0.015712, -9.797522, -0.004058, 0.002162, -0.001753
1763763118.058791, -0.063297, 0.016610, -9.766547, -0.004738, 0.001061, -0.003227
1763763118.068796, -0.057311, 0.012420, -9.788843, -0.002085, 0.003969, -0.002943
1763763118.078790, -0.036212, 0.025887, -9.772383, -0.002085, 0.003969, -0.002943
1763763118.088786, -0.048333, 0.036212, -9.800664, -0.005182, 0.003464, -0.001456
1763763118.098793, -0.050278, 0.028581, -9.756222, -0.002660, 0.003020, -0.001664
1763763118.108797, -0.051475, 0.032621, -9.769390, -0.004288, 0.002100, 0.000135
1763763118.118798, -0.047435, 0.016759, -9.778668, -0.000637, 0.003037, -0.001917
1763763118.128800, -0.046238, 0.023044, -9.790938, -0.003565, 0.002193, -0.002328
1763763118.138796, -0.039804, 0.028730, -9.774927, -0.001396, 0.002697, -0.002523
1763763118.148795, -0.035165, 0.013018, -9.777620, -0.004236, 0.002184, -0.002761
1763763118.158794, -0.058359, 0.037858, -9.790639, -0.003314, 0.002227, -0.001553
1763763118.168799, -0.058658, 0.027234, -9.742605, -0.001812, 0.002946, -0.002870
1763763118.178796, -0.049530, 0.014515, -9.796774, -0.003176, 0.001744, -0.001699
1763763118.188799, -0.046986, 0.009427, -9.780613, -0.002605, 0.003696, -0.002714
1763763118.198796, -0.065242, 0.027833, -9.767146, -0.005635, 0.003563, -0.003476
1763763118.208800, -0.054019, 0.011821, -9.775376, -0.001720, 0.002366, -0.001692
1763763118.218794, -0.046388, 0.022446, -9.768343, -0.002824, 0.001948, -0.003109
1763763118.228804, -0.039055, 0.037559, -9.778368, -0.001562, 0.003127, -0.001868
1763763118.238797, -0.037260, 0.031723, -9.779117, -0.004336, 0.003352, -0.004080
1763763118.248796, -0.050578, 0.027384, -9.800515, -0.003354, 0.004305, -0.003068
1763763118.258795, -0.046837, 0.013767, -9.770587, -0.003361, 0.002560, -0.002333
1763763118.268796, -0.066738, 0.031574, -9.764901, -0.002633, 0.001935, -0.002526
1763763118.278795, -0.043245, 0.031274, -9.776274, -0.003116, 0.001945, -0.003012
1763763118.288794, -0.042048, 0.038457, -9.802909, -0.003811, 0.002113, -0.003058
1763763118.298798, -0.052972, 0.032322, -9.771485, -0.002173, 0.002681, -0.002217
1763763118.308795, -0.048034, 0.025289, -9.760861, -0.003205, 0.002409, -0.001559
1763763118.318795, -0.052523, 0.007482, -9.800515, -0.001848, 0.003478, -0.003197
1763763118.328797, -0.046986, 0.013916, -9.749638, -0.002572, 0.002233, -0.001145
1763763118.338797, -0.065541, 0.026336, -9.784055, -0.003204, 0.002636, -0.001800
1763763118.348796, -0.041150, 0.020051, -9.779566, -0.001558, 0.001890, -0.003031
1763763118.358803, -0.050428, 0.026935, -9.777022, -0.005228, 0.002586, -0.000597
1763763118.368798, -0.042796, 0.016909, -9.776124, -0.000168, 0.003008, -0.004053
1763763118.378797, -0.050578, 0.018854, -9.778069, -0.003420, 0.003236, -0.002404
1763763118.388796, -0.045041, 0.018405, -9.790788, -0.002288, 0.002969, -0.002268
1763763118.398798, -0.049231, 0.032920, -9.765500, -0.004172, 0.003975, -0.005301
1763763118.408796, -0.044143, 0.029928, -9.801413, -0.002650, 0.004204, -0.002170
1763763118.418798, -0.054019, 0.026635, -9.765649, -0.000951, 0.002121, -0.001124
1763763118.428799, -0.064494, 0.031125, -9.773580, -0.002743, 0.004311, -0.000695
1763763118.438766, -0.046986, 0.024690, -9.769989, -0.001607, 0.002681, -0.001476
1763763118.448802, -0.040851, 0.026935, -9.785102, -0.002999, 0.003171, -0.001685
1763763118.458794, -0.056713, 0.023343, -9.779865, -0.003609, 0.003735, -0.002294
1763763118.468797, -0.049979, 0.027833, -9.742455, -0.002974, 0.003396, -0.002274
1763763118.478806, -0.057311, 0.029928, -9.800964, -0.001786, 0.002929, -0.002031
1763763118.488815, -0.040851, 0.027533, -9.780763, -0.002719, 0.002757, -0.001797
1763763118.498799, -0.049081, 0.026785, -9.765649, -0.003598, 0.003486, -0.002378
1763763118.508810, -0.062249, 0.026336, -9.782708, -0.003981, 0.003870, -0.002276
1763763118.518122, -0.057311, 0.037858, -9.769091, -0.004231, 0.002878, -0.002850
1763763118.528801, -0.042647, 0.019902, -9.780613, -0.001805, 0.002928, -0.003548
1763763118.538817, -0.059705, 0.032621, -9.779566, -0.002098, 0.002381, -0.002810
1763763118.548797, -0.047285, 0.029179, -9.779266, -0.003553, 0.003208, -0.002555
1763763118.558798, -0.041150, 0.034417, -9.794829, -0.002991, 0.002996, -0.002725
1763763118.568828, -0.053121, 0.028730, -9.777920, -0.002585, 0.003663, -0.001925
1763763118.578805, -0.050428, 0.034117, -9.762058, -0.001773, 0.002876, -0.002065
1763763118.588797, -0.046388, 0.022895, -9.782708, -0.003232, 0.003259, -0.001237
1763763118.598806, -0.057610, 0.020949, -9.788544, -0.002881, 0.002498, -0.001938
1763763118.608801, -0.041599, 0.033818, -9.760262, -0.003730, 0.003033, -0.002813
1763763118.618801, -0.054767, 0.017508, -9.776573, -0.003455, 0.002274, -0.001551
1763763118.628799, -0.035314, 0.016909, -9.779566, -0.003337, 0.003780, -0.002364
1763763118.638798, -0.047884, 0.029479, -9.800964, -0.003279, 0.002912, -0.001586
1763763118.648816, -0.027234, 0.026935, -9.774029, -0.001743, 0.002221, -0.003652
1763763118.658798, -0.050428, 0.022745, -9.797223, -0.004269, 0.001819, -0.002861
1763763118.668396, -0.042198, 0.017208, -9.777471, -0.001300, 0.003200, -0.000682
1763763118.678826, -0.054019, 0.027683, -9.773879, -0.005049, 0.002807, -0.001867
1763763118.688800, -0.054618, 0.015113, -9.799318, -0.001977, 0.002470, -0.001127
1763763118.698812, -0.055665, 0.022895, -9.767445, -0.002997, 0.002745, -0.003413
1763763118.708800, -0.051026, 0.021249, -9.794230, -0.003349, 0.002243, -0.001327
1763763118.718525, -0.034866, 0.035464, -9.774478, -0.001872, 0.002649, -0.003598
1763763118.728813, -0.050428, 0.031424, -9.788544, -0.004875, 0.002517, -0.002894
1763763118.738803, -0.039654, 0.023044, -9.762208, -0.002272, 0.003062, -0.001224
1763763118.748806, -0.060753, 0.032022, -9.779566, -0.002800, 0.002788, -0.003377
1763763118.758814, -0.043844, 0.014964, -9.790489, -0.003503, 0.003303, -0.001784
1763763118.767839, -0.059705, 0.019453, -9.790788, -0.003981, 0.002659, -0.002840
1763763118.778797, -0.064793, 0.008829, -9.764153, -0.002866, 0.002594, -0.000744
1763763118.788801, -0.044442, 0.022595, -9.764452, -0.003231, 0.004076, -0.002250
1763763118.798808, -0.061651, 0.028730, -9.802759, -0.004369, 0.002855, -0.002611
1763763118.808804, -0.049530, 0.031424, -9.757120, -0.001190, 0.002451, -0.002041
1763763118.818811, -0.049979, 0.020949, -9.790788, -0.003949, 0.003677, -0.001809
1763763118.828832, -0.040253, 0.016161, -9.771934, -0.001576, 0.003721, -0.002409
1763763118.837829, -0.054318, 0.030227, -9.782858, -0.004796, 0.001276, -0.004401
1763763118.848804, -0.043545, 0.026635, -9.776872, -0.001965, 0.003047, -0.003487
1763763118.858803, -0.046837, 0.030227, -9.773131, -0.005021, 0.002704, -0.002072
1763763118.868823, -0.033220, 0.029329, -9.805902, -0.003745, 0.004140, -0.002212
1763763118.878805, -0.047435, 0.024690, -9.760861, -0.002944, 0.002682, -0.002759
1763763118.888803, -0.050727, 0.017358, -9.802759, -0.002932, 0.002911, -0.001393
1763763118.898834, -0.041899, 0.033070, -9.765500, -0.002864, 0.002704, -0.003089
1763763118.908812, -0.065092, 0.034417, -9.789891, -0.003914, 0.003043, -0.001956
1763763118.918803, -0.042347, 0.029179, -9.770587, -0.003956, 0.002610, -0.000995
1763763118.928834, -0.047435, 0.017807, -9.783905, -0.004863, 0.001782, -0.002545
1763763118.938803, -0.049530, 0.014964, -9.793183, -0.001926, 0.002124, -0.002328
1763763118.948806, -0.051625, 0.025738, -9.754426, -0.001961, 0.002911, -0.002858
1763763118.958806, -0.046088, 0.033818, -9.803508, -0.003891, 0.004203, -0.002859
1763763118.968806, -0.053121, 0.018854, -9.783905, -0.002681, 0.003849, -0.002445
1763763118.978806, -0.054019, 0.029329, -9.767146, -0.003241, 0.004562, -0.001725
1763763118.988803, -0.055815, 0.029628, -9.773580, -0.001072, 0.004034, -0.001524
1763763118.998803, -0.052523, 0.027982, -9.783606, -0.002866, 0.001680, -0.004094
1763763119.008805, -0.040851, 0.016610, -9.771036, -0.003235, 0.003302, -0.001560
1763763119.018805, -0.038307, 0.013767, -9.771336, -0.004173, 0.002873, -0.002690
1763763119.028807, -0.036811, 0.029928, -9.794829, -0.004367, 0.002918, -0.001854
1763763119.038833, -0.046088, 0.026336, -9.771485, -0.001990, 0.003690, -0.002497
1763763119.048806, -0.062249, 0.018256, -9.793332, -0.003960, 0.002792, -0.002646
1763763119.058809, -0.060304, 0.022146, -9.761908, -0.004112, 0.004237, -0.002568
1763763119.068834, -0.055067, 0.028282, -9.787347, -0.004675, 0.002391, -0.001938
1763763119.078807, -0.042497, 0.021249, -9.762208, -0.003679, 0.002880, -0.001898
1763763119.088806, -0.042796, 0.041001, -9.780912, -0.001764, 0.001895, -0.002363
1763763119.098806, -0.047734, 0.026486, -9.809942, -0.002513, 0.003680, -0.002570
1763763119.108813, -0.036661, 0.021997, -9.758916, -0.002067, 0.002624, -0.003516
1763763119.118807, -0.058059, 0.024690, -9.807249, -0.003888, 0.002875, -0.002858
1763763119.128809, -0.047136, 0.013318, -9.772383, -0.002111, 0.003153, -0.002625
1763763119.138807, -0.052523, 0.024391, -9.779266, -0.004298, 0.003224, -0.003078
1763763119.148824, -0.061501, 0.011372, -9.790489, -0.002164, 0.001988, -0.001666
1763763119.158807, -0.064643, 0.040103, -9.777171, -0.005353, 0.002698, -0.004328
1763763119.168806, -0.042946, 0.022296, -9.796175, -0.001875, 0.004634, -0.003129
1763763119.178812, -0.058808, 0.012719, -9.781960, -0.003134, 0.002577, -0.002422
1763763119.188834, -0.041450, 0.016759, -9.787197, -0.001722, 0.002969, -0.001312
1763763119.198807, -0.055216, 0.029030, -9.765649, -0.001756, 0.004049, -0.002222
1763763119.208808, -0.050278, 0.017957, -9.795427, -0.003782, 0.002905, -0.003114
1763763119.217917, -0.042347, 0.020949, -9.748890, -0.002289, 0.002384, -0.001505
1763763119.228837, -0.045490, 0.027533, -9.797821, -0.004108, 0.004292, -0.002095
1763763119.238808, -0.041899, 0.012869, -9.794080, -0.002446, 0.003271, -0.002821
1763763119.248808, -0.052224, 0.013018, -9.779715, -0.001785, 0.002328, -0.003691
1763763119.258820, -0.051924, 0.014216, -9.772233, -0.003998, 0.003729, -0.004348
1763763119.268836, -0.050578, 0.023343, -9.780463, -0.003689, 0.001174, -0.001403
1763763119.278809, -0.052074, 0.027833, -9.810541, -0.002923, 0.003611, -0.002415
1763763119.288807, -0.050428, 0.016460, -9.767295, -0.001796, 0.002308, -0.000988
1763763119.298836, -0.048931, 0.025139, -9.781062, -0.003004, 0.004388, -0.002909
1763763119.308811, -0.032172, 0.031873, -9.785701, -0.003510, 0.002628, -0.003623
1763763119.318813, -0.050129, 0.038756, -9.764153, -0.004605, 0.003333, -0.001553
1763763119.328834, -0.044442, 0.021697, -9.777171, -0.002539, 0.004339, -0.002953
1763763119.338809, -0.037260, 0.021249, -9.781062, -0.002952, 0.002119, -0.002377
1763763119.348809, -0.060603, 0.026336, -9.799767, -0.004593, 0.003985, -0.003197
1763763119.357837, -0.047734, 0.029479, -9.749189, -0.001672, 0.002779, -0.001725
1763763119.368842, -0.046837, 0.028132, -9.786150, -0.001242, 0.002538, -0.002478
1763763119.378813, -0.046088, 0.027234, -9.773580, -0.002460, 0.002180, -0.002260
1763763119.388810, -0.058059, 0.019902, -9.783007, -0.003155, 0.003045, -0.002693
1763763119.398836, -0.030526, 0.009726, -9.782858, -0.002476, 0.004195, -0.002683
1763763119.407829, -0.056713, 0.025887, -9.782409, -0.003275, 0.002620, -0.001480
1763763119.418812, -0.054618, 0.032771, -9.790788, -0.002710, 0.002903, -0.003006
1763763119.428813, -0.041300, 0.020051, -9.769989, -0.004194, 0.001654, -0.001618
1763763119.438801, -0.055665, 0.018256, -9.822960, -0.004890, 0.003245, -0.001595
1763763119.448809, -0.046986, 0.017059, -9.759813, -0.000221, 0.003097, -0.002796
1763763119.457838, -0.051026, 0.029628, -9.777471, -0.004117, 0.002271, -0.001794
1763763119.468816, -0.049530, 0.020500, -9.787347, -0.002568, 0.002245, -0.002327
1763763119.478812, -0.049829, 0.031424, -9.775226, -0.003785, 0.002365, -0.003866
1763763119.488831, -0.048034, 0.008829, -9.786748, -0.003533, 0.003112, -0.000822
1763763119.498817, -0.056563, 0.024989, -9.767445, -0.002693, 0.004214, -0.001183
1763763119.507847, -0.041749, 0.021099, -9.791686, -0.002103, 0.002365, -0.001720
1763763119.518812, -0.048034, 0.035165, -9.768792, -0.001484, 0.003182, -0.002407
1763763119.528101, -0.051924, 0.022745, -9.794080, -0.005102, 0.004020, -0.002570
1763763119.538812, -0.041450, 0.018106, -9.784953, -0.002393, 0.002328, -0.004304
1763763119.548812, -0.049680, 0.018256, -9.773430, -0.003316, 0.002438, -0.001723
1763763119.558812, -0.055815, 0.018555, -9.780314, -0.002561, 0.002700, -0.001782
1763763119.568842, -0.064195, 0.032022, -9.768941, -0.002980, 0.003763, -0.002287
1763763119.578813, -0.040103, 0.019453, -9.792135, -0.003375, 0.002512, -0.001684
1763763119.588815, -0.048333, 0.037709, -9.774029, -0.004170, 0.002634, -0.002035
1763763119.598833, -0.058808, 0.026037, -9.778967, -0.004548, 0.002713, -0.003408
1763763119.607869, -0.042497, 0.022146, -9.779715, -0.001697, 0.004047, -0.004078
1763763119.618815, -0.048483, 0.029778, -9.797672, -0.003405, 0.002072, -0.002945
1763763119.628814, -0.058059, 0.025738, -9.760412, -0.001166, 0.003770, -0.001377
1763763119.638840, -0.053421, 0.024241, -9.796475, -0.005037, 0.004317, -0.001928
1763763119.648813, -0.042198, 0.026187, -9.793183, -0.003571, 0.003602, -0.003669
1763763119.657873, -0.050428, 0.033818, -9.762208, -0.002655, 0.003238, -0.003076
1763763119.668830, -0.053421, 0.026935, -9.784055, -0.003077, 0.002324, -0.002678
1763763119.678818, -0.045191, 0.029329, -9.780912, -0.002312, 0.002415, -0.001926
1763763119.688816, -0.042796, 0.013617, -9.801712, -0.002632, 0.003761, -0.002037
1763763119.698845, -0.039804, 0.008978, -9.763554, -0.002631, 0.002983, -0.000636
1763763119.707883, -0.039055, 0.008380, -9.789891, -0.003586, 0.003291, -0.002221
1763763119.718816, -0.046388, 0.007183, -9.785102, -0.002487, 0.002611, -0.000966
1763763119.728842, -0.041450, 0.024391, -9.760562, -0.001894, 0.003065, -0.002921
1763763119.738816, -0.053121, 0.018854, -9.795577, -0.003262, 0.003365, -0.001656
1763763119.748821, -0.043096, 0.011971, -9.769091, -0.001645, 0.003102, -0.001811
1763763119.757892, -0.053870, 0.028431, -9.770887, -0.004094, 0.002671, -0.002613
1763763119.768823, -0.033369, 0.021997, -9.771934, -0.002315, 0.003467, -0.001814
1763763119.778833, -0.055366, 0.020201, -9.786748, -0.004976, 0.003129, -0.001365
1763763119.788657, -0.041300, 0.034566, -9.787646, -0.003049, 0.003673, -0.001404
1763763119.798715, -0.049979, 0.021249, -9.774179, -0.003462, 0.002124, -0.003342
1763763119.807904, -0.054318, 0.022296, -9.791686, -0.002651, 0.003338, -0.001137
1763763119.818859, -0.057760, 0.037709, -9.770737, -0.003027, 0.003223, -0.001867
1763763119.828829, -0.049530, 0.027384, -9.787796, -0.001583, 0.002623, -0.003649
1763763119.838820, -0.028132, 0.024989, -9.780015, -0.002009, 0.003411, -0.002414
1763763119.848818, -0.045939, 0.022745, -9.811438, -0.005686, 0.002198, -0.002037
1763763119.858821, -0.039804, 0.026785, -9.770438, -0.002088, 0.002536, -0.002551
1763763119.868818, -0.064045, 0.026935, -9.763255, -0.003282, 0.003938, -0.003108
1763763119.878831, -0.046238, 0.019603, -9.780613, -0.002387, 0.003212, -0.001870
1763763119.888853, -0.048034, 0.032471, -9.772533, 0.006350, 0.004442, -0.002823
1763763119.898821, -0.063895, 0.022745, -9.768941, -0.004753, 0.002060, -0.000841
1763763119.908815, -0.047734, 0.031424, -9.812336, 0.000411, 0.002564, -0.003272
1763763119.918828, -0.056563, 0.038756, -9.774628, -0.004708, 0.003063, -0.002255
1763763119.928818, -0.047435, 0.030526, -9.798121, -0.001300, 0.001935, -0.002638
1763763119.938825, -0.047585, 0.024541, -9.745299, -0.004572, 0.002038, -0.003205
1763763119.948820, -0.045041, 0.019303, -9.793482, -0.003298, 0.003485, -0.001876
1763763119.958819, -0.068085, 0.022895, -9.773131, -0.003432, 0.003649, -0.002705
1763763119.968844, -0.055964, 0.030825, -9.772533, -0.002573, 0.002419, -0.001190
1763763119.978821, -0.052822, 0.025139, -9.775226, -0.003274, 0.003177, -0.003546
1763763119.988818, -0.055216, 0.007033, -9.818471, -0.006773, 0.003426, -0.002658
1763763119.998825, -0.049231, 0.024092, -9.799018, -0.009762, 0.003065, -0.002054